0;1
48;1.0
49;1.0
50;1.0
51;1.0
52;1.0
420;1.0
421;1.0
422;1.0
423;1.0
424;1.0
425;1.0
468;1.0
469;1.0
470;1.0
471;1.0
472;1.0
473;1.0
786;1.0
787;1.0
788;1.0
789;1.0
790;1.0
791;1.0
840;1.0
841;1.0
842;1.0
843;1.0
844;1.0
845;1.0
1200;1.0
1201;1.0
1204;1.0
1205;1.0
1584;1.0
1585;1.0
1586;1.0
1587;1.0
1588;1.0
1589;1.0
1842;1.0
1843;1.0
1844;1.0
1846;1.0
1847;1.0
1956;1.0
1957;1.0
1958;1.0
1959;1.0
1960;1.0
1961;1.0
2280;1.0
2281;1.0
2282;1.0
2283;1.0
2284;1.0
2285;1.0
2574;1.0
2575;1.0
2576;1.0
2577;1.0
2578;1.0
2579;1.0
2694;1.0
2695;1.0
2696;1.0
2697;1.0
2698;1.0
2699;1.0
2922;1.0
2925;1.0
2926;1.0
2927;1.0
3054;1.0
3055;1.0
3056;1.0
3057;1.0
3058;1.0
3059;1.0
3240;1.0
3241;1.0
3242;1.0
3243;1.0
3244;1.0
3245;1.0
3492;1.0
3493;1.0
3494;1.0
3495;1.0
3496;1.0
3497;1.0
3750;1.0
3751;1.0
3752;1.0
3753;1.0
3754;1.0
3755;1.0
4020;1.0
4021;1.0
4022;1.0
4023;1.0
4024;1.0
4025;1.0
4290;1.0
4291;1.0
4292;1.0
4293;1.0
4294;1.0
4295;1.0
4494;1.0
4495;1.0
4496;1.0
4497;1.0
4498;1.0
4499;1.0
4794;1.0
4795;1.0
4796;1.0
4797;1.0
4798;1.0
5106;1.0
5108;1.0
5109;1.0
5110;1.0
5712;1.0
5713;1.0
5714;1.0
5715;1.0
5716;1.0
5717;1.0
5899;1.0
5900;1.0
5901;1.0
5902;1.0
5903;1.0
6144;1.0
6145;1.0
6146;1.0
6147;1.0
6148;1.0
6149;1.0
6162;1.0
6163;1.0
6164;1.0
6165;1.0
6166;1.0
7164;1.0
7165;1.0
7166;1.0
7167;1.0
7422;1.0
7423;1.0
7424;1.0
7425;1.0
7426;1.0
7590;1.0
7592;1.0
7593;1.0
7594;1.0
7595;1.0
7615;1.0
7616;1.0
7617;1.0
7618;1.0
7619;1.0
8089;1.0
8090;1.0
8091;1.0
8092;1.0
8093;1.0
8448;1.0
8450;1.0
8451;1.0
8452;1.0
8718;1.0
8719;1.0
8720;1.0
8721;1.0
8722;1.0
8723;1.0
9456;1.0
9458;1.0
9459;1.0
9460;1.0
9461;1.0
9588;1.0
9589;1.0
9590;1.0
9591;1.0
9592;1.0
9593;1.0
9714;1.0
9715;1.0
9716;1.0
9717;1.0
9718;1.0
9719;1.0
9780;1.0
9781;1.0
9782;1.0
9783;1.0
9784;1.0
9785;1.0
9852;1.0
9853;1.0
9854;1.0
9856;1.0
9857;1.0
9930;1.0
9931;1.0
9932;1.0
9933;1.0
9934;1.0
9935;1.0
10110;1.0
10111;1.0
10112;1.0
10113;1.0
10114;1.0
10115;1.0
11280;1.0
11281;1.0
11282;1.0
11283;1.0
11285;1.0
11586;1.0
11587;1.0
11588;1.0
11589;1.0
11590;1.0
11591;1.0
11796;1.0
11797;1.0
11798;1.0
11799;1.0
11800;1.0
11801;1.0
11844;1.0
11845;1.0
11846;1.0
11847;1.0
11848;1.0
11849;1.0
11922;1.0
11923;1.0
11924;1.0
11925;1.0
11926;1.0
11927;1.0
12397;1.0
12398;1.0
12399;1.0
12400;1.0
12401;1.0
13044;1.0
13045;1.0
13046;1.0
13047;1.0
13048;1.0
13049;1.0
13284;1.0
13285;1.0
13286;1.0
13287;1.0
13288;1.0
13289;1.0
13333;1.0
13334;1.0
13335;1.0
13336;1.0
13337;1.0
13650;1.0
13651;1.0
13652;1.0
13653;1.0
13654;1.0
13655;1.0
14100;1.0
14101;1.0
14102;1.0
14103;1.0
14104;1.0
14105;1.0
14388;1.0
14389;1.0
14390;1.0
14391;1.0
14392;1.0
14393;1.0
14694;1.0
14695;1.0
14696;1.0
14697;1.0
14699;1.0
14724;1.0
14725;1.0
14726;1.0
14727;1.0
14728;1.0
14729;1.0
15078;1.0
15079;1.0
15080;1.0
15081;1.0
15082;1.0
15083;1.0
15330;1.0
15332;1.0
15333;1.0
15334;1.0
15335;1.0
15420;1.0
15421;1.0
15422;1.0
15423;1.0
15424;1.0
15425;1.0
15852;1.0
15853;1.0
15854;1.0
15855;1.0
15856;1.0
15876;1.0
15877;1.0
15878;1.0
15879;1.0
15880;1.0
15881;1.0
15912;1.0
15913;1.0
15914;1.0
15915;1.0
15916;1.0
15917;1.0
16026;1.0
16027;1.0
16029;1.0
16030;1.0
16044;1.0
16045;1.0
16047;1.0
16048;1.0
16049;1.0
16446;1.0
16447;1.0
16448;1.0
16450;1.0
16451;1.0
16512;1.0
16513;1.0
16514;1.0
16515;1.0
16516;1.0
16517;1.0
16542;1.0
16544;1.0
16545;1.0
16546;1.0
16547;1.0
16548;1.0
16549;1.0
16550;1.0
16551;1.0
16552;1.0
16553;1.0
16644;1.0
16645;1.0
16646;1.0
16647;1.0
16648;1.0
16872;1.0
16873;1.0
16874;1.0
16875;1.0
16876;1.0
16877;1.0
16986;1.0
16987;1.0
16989;1.0
16990;1.0
16991;1.0
17070;1.0
17071;1.0
17072;1.0
17074;1.0
17075;1.0
17412;1.0
17413;1.0
17415;1.0
17416;1.0
18090;1.0
18091;1.0
18092;1.0
18093;1.0
18094;1.0
18095;1.0
18402;1.0
18404;1.0
18405;1.0
18406;1.0
18407;1.0
18936;1.0
18937;1.0
18938;1.0
18939;1.0
18940;1.0
18941;1.0
19260;1.0
19261;1.0
19262;1.0
19263;1.0
19264;1.0
19265;1.0
19272;1.0
19273;1.0
19274;1.0
19276;1.0
19277;1.0
19320;1.0
19321;1.0
19322;1.0
19323;1.0
19324;1.0
19325;1.0
19458;1.0
19459;1.0
19460;1.0
19461;1.0
19462;1.0
19463;1.0
19590;1.0
19591;1.0
19592;1.0
19593;1.0
19594;1.0
19595;1.0
19884;1.0
19885;1.0
19886;1.0
19887;1.0
19888;1.0
19889;1.0
20113;1.0
20114;1.0
20115;1.0
20116;1.0
20117;1.0
20664;1.0
20665;1.0
20666;1.0
20667;1.0
20669;1.0
20700;1.0
20701;1.0
20702;1.0
20703;1.0
20705;1.0
20940;1.0
20941;1.0
20942;1.0
20943;1.0
20944;1.0
20945;1.0
20970;1.0
20971;1.0
20972;1.0
20973;1.0
20975;1.0
21102;1.0
21103;1.0
21104;1.0
21105;1.0
21107;1.0
21486;1.0
21487;1.0
21488;1.0
21489;1.0
21490;1.0
21491;1.0
21558;1.0
21559;1.0
21560;1.0
21561;1.0
21562;1.0
21563;1.0
21648;1.0
21649;1.0
21650;1.0
21651;1.0
21652;1.0
21762;1.0
21763;1.0
21764;1.0
21766;1.0
21767;1.0
22128;1.0
22129;1.0
22130;1.0
22131;1.0
22133;1.0
22411;1.0
22412;1.0
22413;1.0
22414;1.0
22428;1.0
22429;1.0
22430;1.0
22431;1.0
22432;1.0
22433;1.0
22764;1.0
22765;1.0
22766;1.0
22767;1.0
22768;1.0
23412;1.0
23413;1.0
23414;1.0
23415;1.0
23416;1.0
23417;1.0
23545;1.0
23546;1.0
23547;1.0
23549;1.0
23616;1.0
23617;1.0
23618;1.0
23619;1.0
23620;1.0
23621;1.0
24360;1.0
24361;1.0
24362;1.0
24363;1.0
24364;1.0
24365;1.0
24438;1.0
24439;1.0
24440;1.0
24441;1.0
24442;1.0
24443;1.0
24534;1.0
24535;1.0
24536;1.0
24538;1.0
24636;1.0
24637;1.0
24638;1.0
24639;1.0
24640;1.0
24641;1.0
24690;1.0
24691;1.0
24692;1.0
24693;1.0
24694;1.0
24695;1.0
24762;1.0
24763;1.0
24764;1.0
24765;1.0
24766;1.0
25500;1.0
25501;1.0
25502;1.0
25503;1.0
25504;1.0
25505;1.0
26508;1.0
26510;1.0
26511;1.0
26512;1.0
26513;1.0
26568;1.0
26569;1.0
26570;1.0
26572;1.0
26573;1.0
26587;1.0
26588;1.0
26590;1.0
26591;1.0
26670;1.0
26671;1.0
26672;1.0
26673;1.0
26674;1.0
26675;1.0
26868;1.0
26869;1.0
26870;1.0
26871;1.0
26872;1.0
26873;1.0
27336;1.0
27337;1.0
27338;1.0
27339;1.0
27340;1.0
27341;1.0
27372;1.0
27373;1.0
27374;1.0
27375;1.0
27376;1.0
27377;1.0
27420;1.0
27421;1.0
27422;1.0
27423;1.0
27424;1.0
27425;1.0
27510;1.0
27511;1.0
27512;1.0
27513;1.0
27514;1.0
27515;1.0
27780;1.0
27781;1.0
27782;1.0
27783;1.0
27784;1.0
27785;1.0
27792;1.0
27793;1.0
27794;1.0
27795;1.0
27796;1.0
27816;1.0
27817;1.0
27818;1.0
27819;1.0
27820;1.0
27821;1.0
27978;1.0
27979;1.0
27981;1.0
27982;1.0
27983;1.0
28656;1.0
28657;1.0
28658;1.0
28659;1.0
28660;1.0
28661;1.0
29214;1.0
29215;1.0
29216;1.0
29218;1.0
29219;1.0
29568;1.0
29569;1.0
29570;1.0
29571;1.0
29572;1.0
29573;1.0
29592;1.0
29593;1.0
29594;1.0
29595;1.0
29596;1.0
29598;1.0
29599;1.0
29600;1.0
29601;1.0
29602;1.0
29796;1.0
29797;1.0
29799;1.0
29800;1.0
29801;1.0
29862;1.0
29863;1.0
29864;1.0
29865;1.0
29867;1.0
29984;1.0
29985;1.0
29986;1.0
29987;1.0
30024;1.0
30025;1.0
30026;1.0
30027;1.0
30028;1.0
30029;1.0
30234;1.0
30235;1.0
30238;1.0
30239;1.0
30750;1.0
30751;1.0
30752;1.0
30753;1.0
30754;1.0
30755;1.0
30822;1.0
30823;1.0
30824;1.0
30826;1.0
30827;1.0
31950;1.0
31951;1.0
31952;1.0
31953;1.0
31954;1.0
31955;1.0
32106;1.0
32107;1.0
32108;1.0
32109;1.0
32110;1.0
32111;1.0
32323;1.0
32324;1.0
32325;1.0
32326;1.0
32327;1.0
32352;1.0
32353;1.0
32354;1.0
32355;1.0
32356;1.0
32357;1.0
32598;1.0
32599;1.0
32600;1.0
32601;1.0
32602;1.0
32603;1.0
32664;1.0
32665;1.0
32667;1.0
32668;1.0
32669;1.0
32766;1.0
32768;1.0
32769;1.0
32770;1.0
32771;1.0
33252;1.0
33253;1.0
33254;1.0
33255;1.0
33256;1.0
33257;1.0
33325;1.0
33326;1.0
33327;1.0
33329;1.0
33409;1.0
33410;1.0
33411;1.0
33412;1.0
33413;1.0
33570;1.0
33571;1.0
33572;1.0
33573;1.0
33574;1.0
33575;1.0
33666;1.0
33667;1.0
33668;1.0
33669;1.0
33670;1.0
33671;1.0
34152;1.0
34153;1.0
34154;1.0
34155;1.0
34156;1.0
34157;1.0
34932;1.0
34933;1.0
34934;1.0
34935;1.0
34936;1.0
34937;1.0
35010;1.0
35011;1.0
35012;1.0
35013;1.0
35014;1.0
35015;1.0
35670;1.0
35671;1.0
35672;1.0
35673;1.0
35674;1.0
35675;1.0
35730;1.0
35731;1.0
35732;1.0
35733;1.0
35734;1.0
36588;1.0
36589;1.0
36590;1.0
36591;1.0
36592;1.0
36593;1.0
36642;1.0
36643;1.0
36644;1.0
36647;1.0
37548;1.0
37550;1.0
37551;1.0
37552;1.0
37553;1.0
37944;1.0
37945;1.0
37946;1.0
37947;1.0
37948;1.0
37949;1.0
38280;1.0
38281;1.0
38282;1.0
38283;1.0
38514;1.0
38515;1.0
38516;1.0
38517;1.0
38518;1.0
38519;1.0
38568;1.0
38569;1.0
38570;1.0
38571;1.0
38700;1.0
38701;1.0
38702;1.0
38703;1.0
38704;1.0
38705;1.0
38718;1.0
38719;1.0
38720;1.0
38721;1.0
38722;1.0
38723;1.0
38808;1.0
38809;1.0
38810;1.0
38811;1.0
38813;1.0
39366;1.0
39367;1.0
39368;1.0
39369;1.0
39370;1.0
39371;1.0
39804;1.0
39805;1.0
39806;1.0
39807;1.0
39808;1.0
39809;1.0
39960;1.0
39961;1.0
39962;1.0
39963;1.0
39964;1.0
39965;1.0
40044;1.0
40045;1.0
40046;1.0
40047;1.0
40048;1.0
40049;1.0
40080;1.0
40081;1.0
40082;1.0
40083;1.0
40084;1.0
40085;1.0
40242;1.0
40243;1.0
40244;1.0
40245;1.0
40246;1.0
40247;1.0
40536;1.0
40537;1.0
40538;1.0
40539;1.0
40540;1.0
40541;1.0
40722;1.0
40723;1.0
40724;1.0
40725;1.0
40727;1.0
40860;1.0
40861;1.0
40862;1.0
40863;1.0
40864;1.0
40865;1.0
41016;1.0
41017;1.0
41018;1.0
41019;1.0
41020;1.0
41021;1.0
41406;1.0
41407;1.0
41408;1.0
41409;1.0
41410;1.0
41411;1.0
41460;1.0
41461;1.0
41463;1.0
41464;1.0
41465;1.0
41796;1.0
41797;1.0
41798;1.0
41799;1.0
41800;1.0
42102;1.0
42103;1.0
42104;1.0
42105;1.0
42106;1.0
42107;1.0
42360;1.0
42361;1.0
42362;1.0
42363;1.0
42364;1.0
42365;1.0
42396;1.0
42397;1.0
42398;1.0
42399;1.0
42400;1.0
42401;1.0
42492;1.0
42493;1.0
42494;1.0
42495;1.0
42496;1.0
42552;1.0
42553;1.0
42554;1.0
42555;1.0
42556;1.0
42557;1.0
42588;1.0
42589;1.0
42590;1.0
42591;1.0
42592;1.0
42606;1.0
42607;1.0
42608;1.0
42610;1.0
42611;1.0
42696;1.0
42697;1.0
42698;1.0
42699;1.0
42700;1.0
42701;1.0
43080;1.0
43083;1.0
43085;1.0
43123;1.0
43124;1.0
43125;1.0
43127;1.0
43236;1.0
43239;1.0
43240;1.0
43241;1.0
43476;1.0
43477;1.0
43478;1.0
43479;1.0
43480;1.0
43481;1.0
43656;1.0
43657;1.0
43658;1.0
43660;1.0
43661;1.0
44292;1.0
44293;1.0
44294;1.0
44295;1.0
44296;1.0
44502;1.0
44504;1.0
44505;1.0
44506;1.0
44507;1.0
44616;1.0
44617;1.0
44618;1.0
44619;1.0
44620;1.0
44635;1.0
44636;1.0
44637;1.0
44638;1.0
44639;1.0
44724;1.0
44725;1.0
44726;1.0
44727;1.0
44729;1.0
44748;1.0
44749;1.0
44750;1.0
44751;1.0
44753;1.0
44826;1.0
44827;1.0
44828;1.0
44829;1.0
44831;1.0
45126;1.0
45127;1.0
45128;1.0
45130;1.0
45131;1.0
45504;1.0
45505;1.0
45506;1.0
45507;1.0
45508;1.0
45509;1.0
45655;1.0
45656;1.0
45657;1.0
45658;1.0
45659;1.0
45888;1.0
45889;1.0
45891;1.0
45892;1.0
46536;1.0
46537;1.0
46538;1.0
46539;1.0
46540;1.0
46675;1.0
46676;1.0
46677;1.0
46678;1.0
46679;1.0
46860;1.0
46862;1.0
46863;1.0
46864;1.0
46865;1.0
47251;1.0
47252;1.0
47253;1.0
47254;1.0
47255;1.0
47886;1.0
47887;1.0
47888;1.0
47889;1.0
47890;1.0
47891;1.0
48174;1.0
48175;1.0
48176;1.0
48178;1.0
48179;1.0
48234;1.0
48235;1.0
48236;1.0
48237;1.0
48238;1.0
48239;1.0
48312;1.0
48313;1.0
48314;1.0
48315;1.0
48316;1.0
48317;1.0
48834;1.0
48835;1.0
48836;1.0
48837;1.0
48838;1.0
48839;1.0
49338;1.0
49339;1.0
49340;1.0
49341;1.0
49342;1.0
49343;1.0
49350;1.0
49351;1.0
49352;1.0
49353;1.0
49354;1.0
49355;1.0
49380;1.0
49381;1.0
49382;1.0
49384;1.0
49385;1.0
49428;1.0
49429;1.0
49430;1.0
49431;1.0
49432;1.0
49433;1.0
49446;1.0
49447;1.0
49448;1.0
49449;1.0
49450;1.0
49451;1.0
49734;1.0
49736;1.0
49737;1.0
49738;1.0
49739;1.0
50328;1.0
50329;1.0
50330;1.0
50331;1.0
50332;1.0
50333;1.0
50352;1.0
50353;1.0
50354;1.0
50355;1.0
50356;1.0
50357;1.0
50460;1.0
50461;1.0
50462;1.0
50463;1.0
50464;1.0
50465;1.0
50562;1.0
50564;1.0
50565;1.0
50566;1.0
50567;1.0
50568;1.0
50569;1.0
50570;1.0
50571;1.0
50572;1.0
50573;1.0
50892;1.0
50893;1.0
50894;1.0
50895;1.0
50896;1.0
50897;1.0
51055;1.0
51056;1.0
51057;1.0
51058;1.0
51059;1.0
51750;1.0
51751;1.0
51752;1.0
51753;1.0
51754;1.0
51786;1.0
51788;1.0
51789;1.0
51790;1.0
51791;1.0
52080;1.0
52081;1.0
52084;1.0
52085;1.0
52086;1.0
52087;1.0
52088;1.0
52089;1.0
52090;1.0
52091;1.0
52602;1.0
52603;1.0
52604;1.0
52605;1.0
52606;1.0
52607;1.0
52980;1.0
52981;1.0
52982;1.0
52983;1.0
52984;1.0
52985;1.0
53610;1.0
53611;1.0
53612;1.0
53614;1.0
53615;1.0
53964;1.0
53966;1.0
53967;1.0
53968;1.0
54936;1.0
54937;1.0
54938;1.0
54939;1.0
54940;1.0
54941;1.0
55387;1.0
55388;1.0
55389;1.0
55390;1.0
55391;1.0
55530;1.0
55531;1.0
55532;1.0
55533;1.0
55534;1.0
55535;1.0
55602;1.0
55603;1.0
55604;1.0
55605;1.0
55606;1.0
55607;1.0
56760;1.0
56761;1.0
56762;1.0
56763;1.0
56764;1.0
56765;1.0
57390;1.0
57391;1.0
57392;1.0
57393;1.0
57394;1.0
57395;1.0
58062;1.0
58064;1.0
58065;1.0
58066;1.0
58067;1.0
58146;1.0
58147;1.0
58148;1.0
58149;1.0
58150;1.0
58944;1.0
58945;1.0
58946;1.0
58947;1.0
58949;1.0
59130;1.0
59131;1.0
59132;1.0
59133;1.0
59134;1.0
59135;1.0
59172;1.0
59174;1.0
59176;1.0
59177;1.0
59214;1.0
59215;1.0
59216;1.0
59217;1.0
59218;1.0
59219;1.0
59532;1.0
59533;1.0
59534;1.0
59535;1.0
59536;1.0
59537;1.0
59664;1.0
59665;1.0
59666;1.0
59667;1.0
59668;1.0
59669;1.0
59982;1.0
59983;1.0
59984;1.0
59985;1.0
59986;1.0
59987;1.0
60235;1.0
60236;1.0
60237;1.0
60239;1.0
60732;1.0
60733;1.0
60734;1.0
60735;1.0
60736;1.0
60737;1.0
61146;1.0
61147;1.0
61148;1.0
61149;1.0
61150;1.0
61151;1.0
61164;1.0
61165;1.0
61166;1.0
61168;1.0
61169;1.0
61320;1.0
61323;1.0
61324;1.0
61325;1.0
61410;1.0
61411;1.0
61412;1.0
61413;1.0
61414;1.0
61415;1.0
61716;1.0
61717;1.0
61718;1.0
61719;1.0
61720;1.0
61721;1.0
61932;1.0
61933;1.0
61934;1.0
61935;1.0
61936;1.0
62268;1.0
62269;1.0
62270;1.0
62271;1.0
62272;1.0
62273;1.0
62322;1.0
62323;1.0
62325;1.0
62326;1.0
62327;1.0
62520;1.0
62521;1.0
62522;1.0
62523;1.0
62524;1.0
62525;1.0
62850;1.0
62852;1.0
62853;1.0
62854;1.0
62916;1.0
62917;1.0
62918;1.0
62919;1.0
62920;1.0
62921;1.0
63630;1.0
63631;1.0
63632;1.0
63633;1.0
63635;1.0
63696;1.0
63697;1.0
63698;1.0
63699;1.0
63700;1.0
63701;1.0
63834;1.0
63835;1.0
63836;1.0
63837;1.0
63838;1.0
63839;1.0
63871;1.0
63873;1.0
63874;1.0
63875;1.0
63900;1.0
63901;1.0
63902;1.0
63903;1.0
63905;1.0
64051;1.0
64052;1.0
64053;1.0
64054;1.0
64055;1.0
64248;1.0
64249;1.0
64251;1.0
64252;1.0
64253;1.0
64680;1.0
64681;1.0
64682;1.0
64683;1.0
64684;1.0
65310;1.0
65311;1.0
65312;1.0
65313;1.0
65314;1.0
65315;1.0
65556;1.0
65557;1.0
65558;1.0
65559;1.0
65560;1.0
65561;1.0
65592;1.0
65593;1.0
65594;1.0
65595;1.0
65596;1.0
65597;1.0
65736;1.0
65737;1.0
65738;1.0
65739;1.0
65740;1.0
65741;1.0
66222;1.0
66223;1.0
66224;1.0
66225;1.0
66226;1.0
66227;1.0
66390;1.0
66391;1.0
66392;1.0
66393;1.0
66394;1.0
66395;1.0
66798;1.0
66799;1.0
66800;1.0
66801;1.0
66802;1.0
66936;1.0
66938;1.0
66939;1.0
66940;1.0
66941;1.0
67170;1.0
67171;1.0
67172;1.0
67173;1.0
67174;1.0
67175;1.0
67356;1.0
67357;1.0
67358;1.0
67359;1.0
67360;1.0
67361;1.0
67554;1.0
67555;1.0
67556;1.0
67557;1.0
67558;1.0
67559;1.0
68125;1.0
68126;1.0
68127;1.0
68128;1.0
68129;1.0
68604;1.0
68605;1.0
68607;1.0
68608;1.0
68609;1.0
68892;1.0
68893;1.0
68895;1.0
68897;1.0
68916;1.0
68917;1.0
68918;1.0
68919;1.0
68920;1.0
68921;1.0
69318;1.0
69319;1.0
69320;1.0
69321;1.0
69322;1.0
69323;1.0
70231;1.0
70232;1.0
70233;1.0
70234;1.0
70235;1.0
70758;1.0
70759;1.0
70760;1.0
70761;1.0
70762;1.0
70763;1.0
71136;1.0
71137;1.0
71138;1.0
71139;1.0
71400;1.0
71401;1.0
71402;1.0
71403;1.0
71404;1.0
71405;1.0
71910;1.0
71911;1.0
71912;1.0
71913;1.0
71914;1.0
71915;1.0
71994;1.0
71995;1.0
71996;1.0
71997;1.0
71998;1.0
71999;1.0
72102;1.0
72103;1.0
72105;1.0
72106;1.0
72107;1.0
72426;1.0
72427;1.0
72428;1.0
72429;1.0
72430;1.0
72431;1.0
72870;1.0
72871;1.0
72872;1.0
72873;1.0
72875;1.0
73008;1.0
73009;1.0
73010;1.0
73011;1.0
73012;1.0
73013;1.0
73080;1.0
73081;1.0
73082;1.0
73083;1.0
73084;1.0
73085;1.0
73512;1.0
73513;1.0
73514;1.0
73515;1.0
73517;1.0
73554;1.0
73555;1.0
73556;1.0
73557;1.0
73558;1.0
73559;1.0
73944;1.0
73945;1.0
73946;1.0
73947;1.0
73948;1.0
73949;1.0
74466;1.0
74467;1.0
74468;1.0
74469;1.0
74470;1.0
74471;1.0
75042;1.0
75044;1.0
75045;1.0
75046;1.0
75047;1.0
75150;1.0
75151;1.0
75152;1.0
75153;1.0
75154;1.0
75366;1.0
75367;1.0
75368;1.0
75369;1.0
75371;1.0
75378;1.0
75379;1.0
75380;1.0
75381;1.0
75382;1.0
75383;1.0
75396;1.0
75397;1.0
75398;1.0
75401;1.0
75480;1.0
75481;1.0
75482;1.0
75483;1.0
75484;1.0
75485;1.0
75564;1.0
75565;1.0
75566;1.0
75567;1.0
75568;1.0
75569;1.0
76230;1.0
76231;1.0
76233;1.0
76234;1.0
76235;1.0
76548;1.0
76549;1.0
76550;1.0
76551;1.0
76552;1.0
76553;1.0
76596;1.0
76597;1.0
76598;1.0
76599;1.0
76600;1.0
76601;1.0
76644;1.0
76645;1.0
76646;1.0
76649;1.0
76675;1.0
76676;1.0
76677;1.0
76678;1.0
76679;1.0
77988;1.0
77989;1.0
77990;1.0
77992;1.0
77993;1.0
78403;1.0
78404;1.0
78405;1.0
78406;1.0
78642;1.0
78644;1.0
78645;1.0
78646;1.0
78647;1.0
78780;1.0
78781;1.0
78782;1.0
78783;1.0
78784;1.0
78785;1.0
79194;1.0
79195;1.0
79196;1.0
79197;1.0
79198;1.0
79199;1.0
79236;1.0
79237;1.0
79238;1.0
79239;1.0
79241;1.0
79566;1.0
79568;1.0
79569;1.0
79570;1.0
79571;1.0
80010;1.0
80011;1.0
80012;1.0
80013;1.0
80014;1.0
80015;1.0
80094;1.0
80095;1.0
80096;1.0
80097;1.0
80098;1.0
80099;1.0
80238;1.0
80239;1.0
80240;1.0
80241;1.0
80242;1.0
80243;1.0
80454;1.0
80455;1.0
80456;1.0
80457;1.0
80458;1.0
80459;1.0
80484;1.0
80486;1.0
80487;1.0
80488;1.0
80489;1.0
81174;1.0
81175;1.0
81176;1.0
81179;1.0
81403;1.0
81404;1.0
81405;1.0
81406;1.0
81407;1.0
81564;1.0
81565;1.0
81566;1.0
81567;1.0
81568;1.0
81569;1.0
81816;1.0
81817;1.0
81818;1.0
81819;1.0
81820;1.0
81821;1.0
82009;1.0
82012;1.0
82013;1.0
82506;1.0
82507;1.0
82508;1.0
82509;1.0
82511;1.0
82740;1.0
82741;1.0
82743;1.0
82744;1.0
82745;1.0
83412;1.0
83413;1.0
83414;1.0
83415;1.0
83417;1.0
83538;1.0
83539;1.0
83540;1.0
83541;1.0
83542;1.0
83543;1.0
83568;1.0
83569;1.0
83570;1.0
83571;1.0
83572;1.0
83573;1.0
83574;1.0
83575;1.0
83577;1.0
83578;1.0
83579;1.0
83646;1.0
83647;1.0
83648;1.0
83649;1.0
83650;1.0
83651;1.0
83666;1.0
83667;1.0
83668;1.0
83669;1.0
83784;1.0
83786;1.0
83787;1.0
83788;1.0
83868;1.0
83869;1.0
83870;1.0
83871;1.0
83873;1.0
83880;1.0
83881;1.0
83882;1.0
83883;1.0
83884;1.0
83885;1.0
83940;1.0
83941;1.0
83942;1.0
83943;1.0
83944;1.0
83945;1.0
84420;1.0
84422;1.0
84424;1.0
84425;1.0
84552;1.0
84553;1.0
84554;1.0
84555;1.0
84556;1.0
84557;1.0
85014;1.0
85016;1.0
85017;1.0
85018;1.0
85019;1.0
85020;1.0
85021;1.0
85022;1.0
85023;1.0
85024;1.0
85025;1.0
85116;1.0
85117;1.0
85118;1.0
85119;1.0
85120;1.0
85121;1.0
85296;1.0
85298;1.0
85300;1.0
85320;1.0
85321;1.0
85323;1.0
85324;1.0
85325;1.0
85362;1.0
85363;1.0
85364;1.0
85365;1.0
85366;1.0
86238;1.0
86239;1.0
86242;1.0
86892;1.0
86893;1.0
86894;1.0
86895;1.0
86896;1.0
87042;1.0
87043;1.0
87044;1.0
87045;1.0
87046;1.0
87047;1.0
87198;1.0
87199;1.0
87200;1.0
87201;1.0
87202;1.0
87203;1.0
87444;1.0
87445;1.0
87447;1.0
87448;1.0
87564;1.0
87565;1.0
87566;1.0
87567;1.0
87568;1.0
87569;1.0
88146;1.0
88147;1.0
88148;1.0
88149;1.0
88150;1.0
88512;1.0
88513;1.0
88514;1.0
88516;1.0
89694;1.0
89695;1.0
89696;1.0
89697;1.0
89698;1.0
89699;1.0
89754;1.0
89756;1.0
89758;1.0
89759;1.0
90043;1.0
90044;1.0
90045;1.0
90046;1.0
90047;1.0
90516;1.0
90517;1.0
90518;1.0
90520;1.0
90521;1.0
90714;1.0
90715;1.0
90716;1.0
90717;1.0
90718;1.0
90719;1.0
90984;1.0
90985;1.0
90986;1.0
90987;1.0
90988;1.0
90989;1.0
91380;1.0
91381;1.0
91382;1.0
91383;1.0
91384;1.0
91385;1.0
91662;1.0
91663;1.0
91664;1.0
91665;1.0
91666;1.0
91667;1.0
91813;1.0
91814;1.0
91816;1.0
91817;1.0
92005;1.0
92006;1.0
92007;1.0
92008;1.0
92009;1.0
92904;1.0
92905;1.0
92906;1.0
92907;1.0
92909;1.0
92982;1.0
92984;1.0
92985;1.0
92986;1.0
92987;1.0
93516;1.0
93517;1.0
93518;1.0
93519;1.0
93520;1.0
93521;1.0
93547;1.0
93548;1.0
93549;1.0
93550;1.0
93551;1.0
93559;1.0
93560;1.0
93561;1.0
93562;1.0
93563;1.0
93613;1.0
93615;1.0
93616;1.0
93617;1.0
93630;1.0
93631;1.0
93632;1.0
93633;1.0
93634;1.0
93635;1.0
93726;1.0
93727;1.0
93728;1.0
93729;1.0
93730;1.0
93731;1.0
93804;1.0
93805;1.0
93806;1.0
93807;1.0
93808;1.0
93809;1.0
93889;1.0
93890;1.0
93891;1.0
93892;1.0
93893;1.0
93918;1.0
93919;1.0
93921;1.0
93922;1.0
94482;1.0
94484;1.0
94485;1.0
94486;1.0
94487;1.0
94488;1.0
94489;1.0
94490;1.0
94491;1.0
94492;1.0
94493;1.0
94494;1.0
94495;1.0
94497;1.0
94498;1.0
94499;1.0
94753;1.0
94754;1.0
94755;1.0
94756;1.0
94757;1.0
94950;1.0
94951;1.0
94952;1.0
94953;1.0
94954;1.0
94955;1.0
95010;1.0
95011;1.0
95012;1.0
95013;1.0
95014;1.0
95015;1.0
95172;1.0
95173;1.0
95174;1.0
95175;1.0
95176;1.0
95177;1.0
95653;1.0
95654;1.0
95655;1.0
95656;1.0
95657;1.0
95832;1.0
95833;1.0
95834;1.0
95835;1.0
95836;1.0
95837;1.0
95838;1.0
95839;1.0
95840;1.0
95841;1.0
95843;1.0
95844;1.0
95846;1.0
95847;1.0
95848;1.0
95856;1.0
95858;1.0
95859;1.0
95860;1.0
96030;1.0
96031;1.0
96032;1.0
96033;1.0
96035;1.0
96296;1.0
96297;1.0
96298;1.0
96302;1.0
96303;1.0
96304;1.0
96305;1.0
96378;1.0
96379;1.0
96380;1.0
96383;1.0
96600;1.0
96603;1.0
96605;1.0
96786;1.0
96787;1.0
96834;1.0
96836;1.0
96837;1.0
96838;1.0
96839;1.0
96846;1.0
96847;1.0
96848;1.0
96849;1.0
96850;1.0
96851;1.0
97236;1.0
97237;1.0
97238;1.0
97239;1.0
97240;1.0
97241;1.0
97422;1.0
97424;1.0
97425;1.0
97426;1.0
97854;1.0
97855;1.0
97856;1.0
97857;1.0
97858;1.0
97859;1.0
97968;1.0
97969;1.0
97970;1.0
97972;1.0
97973;1.0
98556;1.0
98557;1.0
98558;1.0
98559;1.0
98560;1.0
98561;1.0
99204;1.0
99205;1.0
99206;1.0
99207;1.0
99208;1.0
99209;1.0
99985;1.0
99987;1.0
99988;1.0
99989;1.0
100194;1.0
100195;1.0
100196;1.0
100197;1.0
100198;1.0
100199;1.0
100566;1.0
100567;1.0
100569;1.0
100570;1.0
100571;1.0
100614;1.0
100615;1.0
100616;1.0
100617;1.0
100618;1.0
100619;1.0
100932;1.0
100933;1.0
100934;1.0
100935;1.0
100937;1.0
100986;1.0
100987;1.0
100988;1.0
100989;1.0
100990;1.0
100991;1.0
101346;1.0
101347;1.0
101348;1.0
101349;1.0
101350;1.0
101351;1.0
101731;1.0
101732;1.0
101733;1.0
101734;1.0
101735;1.0
101988;1.0
101989;1.0
101990;1.0
101991;1.0
101993;1.0
102102;1.0
102103;1.0
102104;1.0
102105;1.0
102106;1.0
102107;1.0
102427;1.0
102428;1.0
102430;1.0
102431;1.0
102720;1.0
102722;1.0
102723;1.0
102724;1.0
102725;1.0
102840;1.0
102841;1.0
102842;1.0
102843;1.0
102845;1.0
103068;1.0
103069;1.0
103070;1.0
103071;1.0
103072;1.0
103073;1.0
103200;1.0
103201;1.0
103202;1.0
103203;1.0
103204;1.0
103205;1.0
103386;1.0
103387;1.0
103388;1.0
103389;1.0
103390;1.0
103391;1.0
103639;1.0
103640;1.0
103641;1.0
103642;1.0
103643;1.0
103896;1.0
103897;1.0
103898;1.0
103899;1.0
103900;1.0
103901;1.0
104166;1.0
104167;1.0
104168;1.0
104169;1.0
104170;1.0
104171;1.0
104437;1.0
104438;1.0
104439;1.0
104441;1.0
104640;1.0
104641;1.0
104642;1.0
104644;1.0
104645;1.0
104940;1.0
104941;1.0
104942;1.0
104943;1.0
104944;1.0
104945;1.0
105252;1.0
105253;1.0
105254;1.0
105255;1.0
105257;1.0
105858;1.0
105859;1.0
105860;1.0
105861;1.0
105862;1.0
106044;1.0
106045;1.0
106046;1.0
106047;1.0
106048;1.0
106049;1.0
106290;1.0
106291;1.0
106292;1.0
106293;1.0
106294;1.0
106295;1.0
106308;1.0
106309;1.0
106310;1.0
106311;1.0
106312;1.0
106313;1.0
107310;1.0
107311;1.0
107313;1.0
107314;1.0
107315;1.0
107568;1.0
107569;1.0
107570;1.0
107572;1.0
107573;1.0
107736;1.0
107737;1.0
107738;1.0
107739;1.0
107740;1.0
107741;1.0
107760;1.0
107761;1.0
107762;1.0
107763;1.0
107764;1.0
107765;1.0
108234;1.0
108235;1.0
108236;1.0
108237;1.0
108238;1.0
108239;1.0
108594;1.0
108595;1.0
108598;1.0
108599;1.0
108864;1.0
108865;1.0
108866;1.0
108867;1.0
108868;1.0
108869;1.0
109602;1.0
109603;1.0
109604;1.0
109607;1.0
109734;1.0
109735;1.0
109736;1.0
109738;1.0
109739;1.0
109860;1.0
109862;1.0
109863;1.0
109864;1.0
109865;1.0
109926;1.0
109927;1.0
109928;1.0
109929;1.0
109930;1.0
109931;1.0
109998;1.0
109999;1.0
110000;1.0
110001;1.0
110002;1.0
110003;1.0
110076;1.0
110077;1.0
110078;1.0
110079;1.0
110080;1.0
110081;1.0
110256;1.0
110257;1.0
110258;1.0
110259;1.0
110260;1.0
110261;1.0
111426;1.0
111427;1.0
111428;1.0
111429;1.0
111430;1.0
111732;1.0
111734;1.0
111735;1.0
111736;1.0
111942;1.0
111943;1.0
111944;1.0
111945;1.0
111946;1.0
111947;1.0
111990;1.0
111991;1.0
111992;1.0
111993;1.0
111994;1.0
111995;1.0
112068;1.0
112070;1.0
112071;1.0
112072;1.0
112073;1.0
112542;1.0
112543;1.0
112544;1.0
112545;1.0
112546;1.0
112547;1.0
113190;1.0
113191;1.0
113192;1.0
113193;1.0
113195;1.0
113430;1.0
113432;1.0
113433;1.0
113434;1.0
113435;1.0
113478;1.0
113479;1.0
113480;1.0
113481;1.0
113482;1.0
113483;1.0
113796;1.0
113797;1.0
113798;1.0
113799;1.0
113800;1.0
113801;1.0
114247;1.0
114248;1.0
114250;1.0
114251;1.0
114534;1.0
114535;1.0
114536;1.0
114537;1.0
114538;1.0
114539;1.0
114840;1.0
114842;1.0
114843;1.0
114845;1.0
114870;1.0
114871;1.0
114872;1.0
114873;1.0
114874;1.0
114875;1.0
115224;1.0
115226;1.0
115227;1.0
115228;1.0
115229;1.0
115476;1.0
115477;1.0
115479;1.0
115480;1.0
115481;1.0
115566;1.0
115567;1.0
115568;1.0
115569;1.0
115570;1.0
115571;1.0
115999;1.0
116000;1.0
116001;1.0
116002;1.0
116003;1.0
116022;1.0
116023;1.0
116024;1.0
116025;1.0
116026;1.0
116027;1.0
116058;1.0
116059;1.0
116061;1.0
116062;1.0
116063;1.0
116172;1.0
116173;1.0
116174;1.0
116175;1.0
116176;1.0
116177;1.0
116190;1.0
116191;1.0
116192;1.0
116193;1.0
116194;1.0
116592;1.0
116593;1.0
116594;1.0
116595;1.0
116596;1.0
116597;1.0
116658;1.0
116659;1.0
116661;1.0
116662;1.0
116688;1.0
116689;1.0
116690;1.0
116692;1.0
116693;1.0
116694;1.0
116695;1.0
116696;1.0
116697;1.0
116698;1.0
116699;1.0
116790;1.0
116791;1.0
116792;1.0
116793;1.0
116794;1.0
116795;1.0
117018;1.0
117019;1.0
117020;1.0
117021;1.0
117022;1.0
117023;1.0
117132;1.0
117133;1.0
117134;1.0
117135;1.0
117136;1.0
117137;1.0
117216;1.0
117217;1.0
117218;1.0
117219;1.0
117220;1.0
117221;1.0
117558;1.0
117559;1.0
117560;1.0
117561;1.0
117562;1.0
117563;1.0
118236;1.0
118238;1.0
118239;1.0
118240;1.0
118241;1.0
118548;1.0
118549;1.0
118550;1.0
118551;1.0
118552;1.0
118553;1.0
119083;1.0
119084;1.0
119085;1.0
119086;1.0
119087;1.0
119406;1.0
119407;1.0
119409;1.0
119410;1.0
119411;1.0
119418;1.0
119419;1.0
119420;1.0
119421;1.0
119422;1.0
119423;1.0
119466;1.0
119467;1.0
119470;1.0
119471;1.0
119604;1.0
119605;1.0
119606;1.0
119608;1.0
119609;1.0
119736;1.0
119737;1.0
119738;1.0
119739;1.0
119740;1.0
119741;1.0
120030;1.0
120031;1.0
120032;1.0
120033;1.0
120034;1.0
120035;1.0
120258;1.0
120259;1.0
120260;1.0
120261;1.0
120262;1.0
120263;1.0
120810;1.0
120811;1.0
120812;1.0
120813;1.0
120814;1.0
120815;1.0
120846;1.0
120847;1.0
120848;1.0
120849;1.0
120851;1.0
121086;1.0
121087;1.0
121088;1.0
121089;1.0
121090;1.0
121091;1.0
121116;1.0
121117;1.0
121118;1.0
121119;1.0
121120;1.0
121121;1.0
121248;1.0
121249;1.0
121250;1.0
121252;1.0
121253;1.0
121632;1.0
121633;1.0
121634;1.0
121635;1.0
121637;1.0
121704;1.0
121705;1.0
121706;1.0
121707;1.0
121708;1.0
121794;1.0
121795;1.0
121796;1.0
121798;1.0
121799;1.0
121909;1.0
121910;1.0
121911;1.0
121912;1.0
121913;1.0
122274;1.0
122275;1.0
122276;1.0
122277;1.0
122278;1.0
122279;1.0
122556;1.0
122557;1.0
122558;1.0
122559;1.0
122560;1.0
122561;1.0
122574;1.0
122575;1.0
122576;1.0
122578;1.0
122910;1.0
122911;1.0
122912;1.0
122913;1.0
122914;1.0
122915;1.0
123558;1.0
123559;1.0
123560;1.0
123561;1.0
123563;1.0
123690;1.0
123691;1.0
123692;1.0
123693;1.0
123695;1.0
123763;1.0
123764;1.0
123765;1.0
123766;1.0
123767;1.0
124506;1.0
124507;1.0
124508;1.0
124509;1.0
124510;1.0
124511;1.0
124584;1.0
124585;1.0
124586;1.0
124587;1.0
124589;1.0
124680;1.0
124681;1.0
124682;1.0
124683;1.0
124684;1.0
124685;1.0
124782;1.0
124783;1.0
124784;1.0
124785;1.0
124786;1.0
124787;1.0
124836;1.0
124837;1.0
124838;1.0
124839;1.0
124841;1.0
124908;1.0
124911;1.0
124912;1.0
124913;1.0
125646;1.0
125647;1.0
125648;1.0
125649;1.0
125650;1.0
126654;1.0
126655;1.0
126656;1.0
126657;1.0
126658;1.0
126659;1.0
126714;1.0
126715;1.0
126716;1.0
126717;1.0
126718;1.0
126732;1.0
126733;1.0
126734;1.0
126735;1.0
126736;1.0
126737;1.0
126816;1.0
126817;1.0
126818;1.0
126819;1.0
126820;1.0
126821;1.0
127014;1.0
127015;1.0
127016;1.0
127017;1.0
127018;1.0
127019;1.0
127482;1.0
127483;1.0
127484;1.0
127485;1.0
127486;1.0
127487;1.0
127518;1.0
127519;1.0
127520;1.0
127521;1.0
127522;1.0
127523;1.0
127566;1.0
127567;1.0
127568;1.0
127569;1.0
127570;1.0
127571;1.0
127656;1.0
127657;1.0
127658;1.0
127659;1.0
127926;1.0
127927;1.0
127928;1.0
127930;1.0
127931;1.0
127938;1.0
127939;1.0
127940;1.0
127941;1.0
127942;1.0
127943;1.0
127963;1.0
127964;1.0
127965;1.0
127966;1.0
127967;1.0
128124;1.0
128125;1.0
128126;1.0
128127;1.0
128128;1.0
128129;1.0
128802;1.0
128803;1.0
128804;1.0
128805;1.0
128806;1.0
128807;1.0
129360;1.0
129361;1.0
129362;1.0
129363;1.0
129364;1.0
129365;1.0
129714;1.0
129715;1.0
129716;1.0
129717;1.0
129718;1.0
129719;1.0
129738;1.0
129739;1.0
129740;1.0
129741;1.0
129742;1.0
129743;1.0
129744;1.0
129745;1.0
129746;1.0
129748;1.0
129749;1.0
129942;1.0
129943;1.0
129945;1.0
129946;1.0
129947;1.0
130009;1.0
130010;1.0
130011;1.0
130012;1.0
130013;1.0
130128;1.0
130129;1.0
130130;1.0
130131;1.0
130133;1.0
130170;1.0
130171;1.0
130172;1.0
130173;1.0
130174;1.0
130175;1.0
130380;1.0
130381;1.0
130382;1.0
130383;1.0
130384;1.0
130385;1.0
130896;1.0
130897;1.0
130898;1.0
130899;1.0
130900;1.0
130901;1.0
130968;1.0
130969;1.0
130970;1.0
130971;1.0
130972;1.0
130973;1.0
132096;1.0
132097;1.0
132098;1.0
132099;1.0
132100;1.0
132101;1.0
132252;1.0
132254;1.0
132255;1.0
132256;1.0
132257;1.0
132468;1.0
132469;1.0
132470;1.0
132471;1.0
132472;1.0
132473;1.0
132498;1.0
132500;1.0
132501;1.0
132502;1.0
132503;1.0
132744;1.0
132745;1.0
132746;1.0
132748;1.0
132749;1.0
132810;1.0
132811;1.0
132812;1.0
132813;1.0
132815;1.0
132912;1.0
132914;1.0
132915;1.0
132916;1.0
132917;1.0
133398;1.0
133399;1.0
133400;1.0
133401;1.0
133402;1.0
133403;1.0
133470;1.0
133471;1.0
133472;1.0
133473;1.0
133474;1.0
133475;1.0
133554;1.0
133555;1.0
133556;1.0
133557;1.0
133558;1.0
133559;1.0
133716;1.0
133717;1.0
133718;1.0
133719;1.0
133721;1.0
133812;1.0
133813;1.0
133814;1.0
133815;1.0
133816;1.0
133817;1.0
134299;1.0
134300;1.0
134301;1.0
134302;1.0
134303;1.0
135078;1.0
135079;1.0
135080;1.0
135081;1.0
135082;1.0
135156;1.0
135157;1.0
135158;1.0
135159;1.0
135160;1.0
135161;1.0
135816;1.0
135817;1.0
135818;1.0
135819;1.0
135820;1.0
135821;1.0
135876;1.0
135877;1.0
135878;1.0
135879;1.0
135880;1.0
135881;1.0
136734;1.0
136736;1.0
136737;1.0
136738;1.0
136739;1.0
136788;1.0
136789;1.0
136790;1.0
136791;1.0
136792;1.0
136793;1.0
137694;1.0
137695;1.0
137696;1.0
137698;1.0
138090;1.0
138092;1.0
138093;1.0
138094;1.0
138095;1.0
138426;1.0
138427;1.0
138428;1.0
138429;1.0
138430;1.0
138431;1.0
138660;1.0
138661;1.0
138662;1.0
138663;1.0
138664;1.0
138665;1.0
138714;1.0
138715;1.0
138716;1.0
138717;1.0
138718;1.0
138719;1.0
138846;1.0
138847;1.0
138848;1.0
138849;1.0
138850;1.0
138851;1.0
138864;1.0
138865;1.0
138866;1.0
138867;1.0
138868;1.0
138869;1.0
138954;1.0
138955;1.0
138956;1.0
138957;1.0
138958;1.0
138959;1.0
139512;1.0
139513;1.0
139514;1.0
139515;1.0
139516;1.0
139517;1.0
139950;1.0
139952;1.0
139953;1.0
139954;1.0
139955;1.0
140106;1.0
140107;1.0
140108;1.0
140109;1.0
140111;1.0
140191;1.0
140192;1.0
140193;1.0
140194;1.0
140195;1.0
140226;1.0
140227;1.0
140228;1.0
140229;1.0
140230;1.0
140231;1.0
140388;1.0
140389;1.0
140390;1.0
140391;1.0
140392;1.0
140393;1.0
140682;1.0
140683;1.0
140684;1.0
140685;1.0
140686;1.0
140868;1.0
140869;1.0
140870;1.0
140871;1.0
140873;1.0
141006;1.0
141007;1.0
141008;1.0
141009;1.0
141010;1.0
141011;1.0
141162;1.0
141163;1.0
141164;1.0
141165;1.0
141166;1.0
141167;1.0
141552;1.0
141553;1.0
141554;1.0
141555;1.0
141556;1.0
141557;1.0
141606;1.0
141607;1.0
141608;1.0
141609;1.0
141610;1.0
141611;1.0
141942;1.0
141943;1.0
141944;1.0
141945;1.0
141946;1.0
141947;1.0
142248;1.0
142249;1.0
142250;1.0
142251;1.0
142252;1.0
142253;1.0
142506;1.0
142507;1.0
142508;1.0
142509;1.0
142510;1.0
142511;1.0
142542;1.0
142543;1.0
142544;1.0
142545;1.0
142546;1.0
142547;1.0
142638;1.0
142640;1.0
142641;1.0
142643;1.0
142698;1.0
142699;1.0
142700;1.0
142701;1.0
142702;1.0
142703;1.0
142734;1.0
142735;1.0
142736;1.0
142737;1.0
142738;1.0
142739;1.0
142752;1.0
142754;1.0
142755;1.0
142756;1.0
142842;1.0
142843;1.0
142844;1.0
142845;1.0
142847;1.0
143226;1.0
143227;1.0
143228;1.0
143229;1.0
143230;1.0
143231;1.0
143268;1.0
143269;1.0
143270;1.0
143271;1.0
143272;1.0
143273;1.0
143382;1.0
143383;1.0
143384;1.0
143385;1.0
143386;1.0
143387;1.0
143622;1.0
143623;1.0
143624;1.0
143625;1.0
143626;1.0
143627;1.0
143802;1.0
143803;1.0
143804;1.0
143806;1.0
143807;1.0
144438;1.0
144439;1.0
144440;1.0
144441;1.0
144442;1.0
144443;1.0
144648;1.0
144649;1.0
144650;1.0
144651;1.0
144652;1.0
144653;1.0
144762;1.0
144763;1.0
144764;1.0
144765;1.0
144767;1.0
144780;1.0
144781;1.0
144782;1.0
144783;1.0
144784;1.0
144785;1.0
144870;1.0
144871;1.0
144872;1.0
144873;1.0
144875;1.0
144894;1.0
144895;1.0
144896;1.0
144897;1.0
144898;1.0
144972;1.0
144973;1.0
144974;1.0
144975;1.0
144976;1.0
144977;1.0
145272;1.0
145274;1.0
145275;1.0
145276;1.0
145277;1.0
145650;1.0
145651;1.0
145652;1.0
145653;1.0
145654;1.0
145655;1.0
145800;1.0
145801;1.0
145802;1.0
145803;1.0
145805;1.0
146034;1.0
146035;1.0
146036;1.0
146037;1.0
146038;1.0
146039;1.0
146682;1.0
146683;1.0
146684;1.0
146685;1.0
146686;1.0
146687;1.0
146820;1.0
146821;1.0
146822;1.0
146823;1.0
146824;1.0
146825;1.0
147006;1.0
147007;1.0
147008;1.0
147009;1.0
147010;1.0
147011;1.0
147396;1.0
147397;1.0
147398;1.0
147399;1.0
147400;1.0
147401;1.0
148032;1.0
148033;1.0
148034;1.0
148035;1.0
148036;1.0
148037;1.0
148320;1.0
148322;1.0
148323;1.0
148324;1.0
148325;1.0
148380;1.0
148381;1.0
148382;1.0
148383;1.0
148384;1.0
148385;1.0
148458;1.0
148459;1.0
148460;1.0
148461;1.0
148462;1.0
148463;1.0
148980;1.0
148981;1.0
148982;1.0
148983;1.0
148984;1.0
148985;1.0
149484;1.0
149485;1.0
149486;1.0
149487;1.0
149488;1.0
149489;1.0
149496;1.0
149497;1.0
149498;1.0
149499;1.0
149500;1.0
149501;1.0
149526;1.0
149527;1.0
149528;1.0
149530;1.0
149531;1.0
149574;1.0
149575;1.0
149576;1.0
149577;1.0
149578;1.0
149579;1.0
149592;1.0
149593;1.0
149595;1.0
149596;1.0
149597;1.0
149880;1.0
149882;1.0
149883;1.0
149884;1.0
149885;1.0
150474;1.0
150475;1.0
150476;1.0
150477;1.0
150478;1.0
150479;1.0
150498;1.0
150499;1.0
150500;1.0
150502;1.0
150503;1.0
150606;1.0
150607;1.0
150608;1.0
150610;1.0
150611;1.0
150708;1.0
150709;1.0
150711;1.0
150712;1.0
150713;1.0
150714;1.0
150715;1.0
150716;1.0
150717;1.0
150718;1.0
150719;1.0
151039;1.0
151041;1.0
151042;1.0
151043;1.0
151200;1.0
151201;1.0
151202;1.0
151203;1.0
151204;1.0
151205;1.0
151896;1.0
151897;1.0
151898;1.0
151899;1.0
151900;1.0
151901;1.0
151932;1.0
151933;1.0
151934;1.0
151935;1.0
151936;1.0
151937;1.0
152226;1.0
152227;1.0
152228;1.0
152229;1.0
152230;1.0
152231;1.0
152232;1.0
152233;1.0
152236;1.0
152237;1.0
152748;1.0
152749;1.0
152750;1.0
152751;1.0
152752;1.0
152753;1.0
153126;1.0
153127;1.0
153128;1.0
153129;1.0
153130;1.0
153131;1.0
153756;1.0
153757;1.0
153758;1.0
153759;1.0
153760;1.0
153761;1.0
154110;1.0
154111;1.0
154112;1.0
154113;1.0
154115;1.0
155082;1.0
155083;1.0
155084;1.0
155085;1.0
155086;1.0
155087;1.0
155532;1.0
155533;1.0
155535;1.0
155536;1.0
155537;1.0
155676;1.0
155677;1.0
155678;1.0
155679;1.0
155680;1.0
155681;1.0
155748;1.0
155749;1.0
155750;1.0
155752;1.0
155753;1.0
156906;1.0
156907;1.0
156908;1.0
156909;1.0
156910;1.0
156911;1.0
157536;1.0
157537;1.0
157538;1.0
157540;1.0
157541;1.0
158208;1.0
158209;1.0
158210;1.0
158211;1.0
158212;1.0
158213;1.0
158292;1.0
158293;1.0
158294;1.0
158295;1.0
158296;1.0
158297;1.0
159091;1.0
159092;1.0
159094;1.0
159095;1.0
159276;1.0
159277;1.0
159278;1.0
159279;1.0
159280;1.0
159281;1.0
159318;1.0
159319;1.0
159320;1.0
159321;1.0
159322;1.0
159323;1.0
159360;1.0
159361;1.0
159362;1.0
159363;1.0
159364;1.0
159365;1.0
159678;1.0
159679;1.0
159680;1.0
159681;1.0
159682;1.0
159683;1.0
159810;1.0
159811;1.0
159812;1.0
159813;1.0
159814;1.0
159815;1.0
160128;1.0
160129;1.0
160130;1.0
160131;1.0
160132;1.0
160133;1.0
160380;1.0
160381;1.0
160382;1.0
160383;1.0
160385;1.0
160879;1.0
160881;1.0
160882;1.0
160883;1.0
161292;1.0
161293;1.0
161294;1.0
161296;1.0
161310;1.0
161311;1.0
161312;1.0
161313;1.0
161314;1.0
161315;1.0
161466;1.0
161467;1.0
161468;1.0
161469;1.0
161470;1.0
161471;1.0
161556;1.0
161559;1.0
161560;1.0
161561;1.0
161862;1.0
161863;1.0
161864;1.0
161865;1.0
161867;1.0
162078;1.0
162079;1.0
162080;1.0
162081;1.0
162083;1.0
162414;1.0
162415;1.0
162416;1.0
162417;1.0
162418;1.0
162419;1.0
162468;1.0
162469;1.0
162470;1.0
162471;1.0
162472;1.0
162473;1.0
162666;1.0
162667;1.0
162668;1.0
162669;1.0
162670;1.0
162671;1.0
162996;1.0
162998;1.0
162999;1.0
163000;1.0
163001;1.0
163062;1.0
163063;1.0
163064;1.0
163065;1.0
163066;1.0
163067;1.0
163776;1.0
163777;1.0
163778;1.0
163779;1.0
163780;1.0
163781;1.0
163842;1.0
163843;1.0
163844;1.0
163845;1.0
163846;1.0
163847;1.0
163980;1.0
163981;1.0
163982;1.0
163983;1.0
163984;1.0
163985;1.0
164016;1.0
164017;1.0
164018;1.0
164019;1.0
164020;1.0
164046;1.0
164047;1.0
164048;1.0
164049;1.0
164051;1.0
164196;1.0
164197;1.0
164198;1.0
164199;1.0
164200;1.0
164394;1.0
164395;1.0
164396;1.0
164397;1.0
164398;1.0
164399;1.0
164826;1.0
164828;1.0
164829;1.0
164830;1.0
164831;1.0
165456;1.0
165457;1.0
165458;1.0
165459;1.0
165460;1.0
165461;1.0
165703;1.0
165704;1.0
165705;1.0
165706;1.0
165707;1.0
165738;1.0
165739;1.0
165740;1.0
165741;1.0
165742;1.0
165743;1.0
165882;1.0
165883;1.0
165884;1.0
165885;1.0
165886;1.0
165887;1.0
166368;1.0
166369;1.0
166370;1.0
166372;1.0
166373;1.0
166536;1.0
166537;1.0
166539;1.0
166540;1.0
166541;1.0
166945;1.0
166946;1.0
166947;1.0
166948;1.0
166949;1.0
167082;1.0
167083;1.0
167084;1.0
167085;1.0
167086;1.0
167087;1.0
167317;1.0
167318;1.0
167319;1.0
167320;1.0
167321;1.0
167502;1.0
167503;1.0
167504;1.0
167505;1.0
167506;1.0
167507;1.0
167700;1.0
167701;1.0
167702;1.0
167703;1.0
167704;1.0
167705;1.0
168270;1.0
168271;1.0
168272;1.0
168273;1.0
168275;1.0
168750;1.0
168751;1.0
168752;1.0
168754;1.0
168755;1.0
169038;1.0
169039;1.0
169040;1.0
169041;1.0
169042;1.0
169043;1.0
169062;1.0
169063;1.0
169064;1.0
169065;1.0
169066;1.0
169067;1.0
169464;1.0
169465;1.0
169466;1.0
169467;1.0
169468;1.0
169469;1.0
170376;1.0
170377;1.0
170378;1.0
170379;1.0
170380;1.0
170381;1.0
170904;1.0
170905;1.0
170906;1.0
170907;1.0
170908;1.0
170909;1.0
171282;1.0
171283;1.0
171284;1.0
171285;1.0
171286;1.0
171287;1.0
171546;1.0
171548;1.0
171549;1.0
171550;1.0
171551;1.0
172056;1.0
172057;1.0
172058;1.0
172059;1.0
172060;1.0
172061;1.0
172141;1.0
172142;1.0
172143;1.0
172144;1.0
172145;1.0
172248;1.0
172249;1.0
172250;1.0
172251;1.0
172252;1.0
172253;1.0
172572;1.0
172573;1.0
172574;1.0
172575;1.0
172576;1.0
172577;1.0
173016;1.0
173017;1.0
173018;1.0
173019;1.0
173020;1.0
173021;1.0
173154;1.0
173155;1.0
173157;1.0
173158;1.0
173159;1.0
173227;1.0
173228;1.0
173229;1.0
173231;1.0
173658;1.0
173660;1.0
173661;1.0
173662;1.0
173663;1.0
173700;1.0
173701;1.0
173702;1.0
173703;1.0
173704;1.0
173705;1.0
174090;1.0
174091;1.0
174092;1.0
174093;1.0
174094;1.0
174095;1.0
174612;1.0
174613;1.0
174614;1.0
174615;1.0
174616;1.0
174617;1.0
175188;1.0
175190;1.0
175191;1.0
175192;1.0
175193;1.0
175296;1.0
175297;1.0
175298;1.0
175300;1.0
175301;1.0
175512;1.0
175513;1.0
175514;1.0
175515;1.0
175516;1.0
175517;1.0
175524;1.0
175525;1.0
175526;1.0
175527;1.0
175528;1.0
175529;1.0
175543;1.0
175544;1.0
175545;1.0
175546;1.0
175547;1.0
175626;1.0
175628;1.0
175629;1.0
175630;1.0
175631;1.0
175710;1.0
175711;1.0
175712;1.0
175713;1.0
175714;1.0
175715;1.0
176376;1.0
176377;1.0
176378;1.0
176379;1.0
176381;1.0
176694;1.0
176695;1.0
176696;1.0
176698;1.0
176742;1.0
176744;1.0
176745;1.0
176746;1.0
176747;1.0
176790;1.0
176791;1.0
176792;1.0
176793;1.0
176794;1.0
176795;1.0
176820;1.0
176821;1.0
176822;1.0
176823;1.0
176824;1.0
176825;1.0
178135;1.0
178136;1.0
178137;1.0
178138;1.0
178139;1.0
178548;1.0
178549;1.0
178550;1.0
178551;1.0
178552;1.0
178553;1.0
178788;1.0
178789;1.0
178790;1.0
178791;1.0
178792;1.0
178793;1.0
178926;1.0
178927;1.0
178928;1.0
178929;1.0
178930;1.0
178931;1.0
179340;1.0
179342;1.0
179343;1.0
179344;1.0
179345;1.0
179382;1.0
179383;1.0
179384;1.0
179385;1.0
179386;1.0
179387;1.0
179712;1.0
179713;1.0
179714;1.0
179715;1.0
179716;1.0
179717;1.0
180156;1.0
180157;1.0
180159;1.0
180160;1.0
180161;1.0
180240;1.0
180241;1.0
180242;1.0
180244;1.0
180245;1.0
180385;1.0
180386;1.0
180387;1.0
180388;1.0
180600;1.0
180602;1.0
180603;1.0
180605;1.0
180630;1.0
180631;1.0
180632;1.0
180633;1.0
180634;1.0
180635;1.0
181320;1.0
181321;1.0
181322;1.0
181323;1.0
181324;1.0
181325;1.0
181548;1.0
181549;1.0
181550;1.0
181551;1.0
181552;1.0
181710;1.0
181711;1.0
181712;1.0
181713;1.0
181714;1.0
181962;1.0
181963;1.0
181964;1.0
181965;1.0
181966;1.0
182154;1.0
182155;1.0
182156;1.0
182158;1.0
182159;1.0
182652;1.0
182653;1.0
182654;1.0
182656;1.0
182657;1.0
182886;1.0
182887;1.0
182888;1.0
182889;1.0
182890;1.0
182891;1.0
183558;1.0
183559;1.0
183560;1.0
183561;1.0
183562;1.0
183563;1.0
183684;1.0
183685;1.0
183686;1.0
183687;1.0
183688;1.0
183714;1.0
183715;1.0
183716;1.0
183717;1.0
183718;1.0
183719;1.0
183720;1.0
183721;1.0
183722;1.0
183723;1.0
183724;1.0
183725;1.0
183792;1.0
183793;1.0
183794;1.0
183795;1.0
183796;1.0
183797;1.0
183810;1.0
183811;1.0
183812;1.0
183813;1.0
183814;1.0
183815;1.0
183930;1.0
183931;1.0
183933;1.0
183935;1.0
184014;1.0
184016;1.0
184017;1.0
184018;1.0
184019;1.0
184027;1.0
184028;1.0
184031;1.0
184086;1.0
184088;1.0
184089;1.0
184090;1.0
184091;1.0
184566;1.0
184567;1.0
184568;1.0
184569;1.0
184570;1.0
184698;1.0
184699;1.0
184700;1.0
184701;1.0
184702;1.0
184703;1.0
185160;1.0
185161;1.0
185162;1.0
185163;1.0
185164;1.0
185165;1.0
185166;1.0
185167;1.0
185168;1.0
185169;1.0
185170;1.0
185171;1.0
185262;1.0
185263;1.0
185265;1.0
185266;1.0
185267;1.0
185443;1.0
185444;1.0
185446;1.0
185447;1.0
185466;1.0
185467;1.0
185468;1.0
185469;1.0
185471;1.0
185508;1.0
185509;1.0
185510;1.0
185511;1.0
185512;1.0
185513;1.0
186384;1.0
186385;1.0
186386;1.0
186387;1.0
186388;1.0
186389;1.0
187040;1.0
187041;1.0
187042;1.0
187188;1.0
187189;1.0
187190;1.0
187191;1.0
187192;1.0
187193;1.0
187344;1.0
187345;1.0
187346;1.0
187347;1.0
187348;1.0
187349;1.0
187590;1.0
187591;1.0
187592;1.0
187593;1.0
187594;1.0
187595;1.0
187710;1.0
187711;1.0
187712;1.0
187714;1.0
188293;1.0
188294;1.0
188295;1.0
188296;1.0
188297;1.0
188658;1.0
188660;1.0
188663;1.0
189840;1.0
189841;1.0
189842;1.0
189844;1.0
189845;1.0
189900;1.0
189902;1.0
189903;1.0
189904;1.0
189905;1.0
190188;1.0
190189;1.0
190190;1.0
190191;1.0
190662;1.0
190663;1.0
190664;1.0
190665;1.0
190666;1.0
190667;1.0
190860;1.0
190861;1.0
190862;1.0
190863;1.0
190864;1.0
190865;1.0
191130;1.0
191131;1.0
191132;1.0
191133;1.0
191135;1.0
191526;1.0
191527;1.0
191528;1.0
191529;1.0
191530;1.0
191531;1.0
191808;1.0
191809;1.0
191810;1.0
191811;1.0
191812;1.0
191958;1.0
191959;1.0
191960;1.0
191961;1.0
191962;1.0
191963;1.0
192150;1.0
192151;1.0
192152;1.0
192153;1.0
192154;1.0
192155;1.0
193050;1.0
193051;1.0
193052;1.0
193053;1.0
193054;1.0
193055;1.0
193128;1.0
193129;1.0
193130;1.0
193131;1.0
193132;1.0
193133;1.0
193662;1.0
193663;1.0
193664;1.0
193665;1.0
193666;1.0
193667;1.0
193692;1.0
193693;1.0
193695;1.0
193696;1.0
193697;1.0
193704;1.0
193705;1.0
193706;1.0
193707;1.0
193708;1.0
193709;1.0
193758;1.0
193759;1.0
193760;1.0
193761;1.0
193763;1.0
193776;1.0
193777;1.0
193779;1.0
193780;1.0
193781;1.0
193872;1.0
193873;1.0
193874;1.0
193875;1.0
193876;1.0
193877;1.0
193950;1.0
193951;1.0
193952;1.0
193953;1.0
193954;1.0
193955;1.0
194034;1.0
194035;1.0
194036;1.0
194037;1.0
194038;1.0
194039;1.0
194064;1.0
194065;1.0
194066;1.0
194067;1.0
194068;1.0
194069;1.0
194628;1.0
194629;1.0
194630;1.0
194631;1.0
194632;1.0
194633;1.0
194634;1.0
194635;1.0
194636;1.0
194637;1.0
194638;1.0
194639;1.0
194640;1.0
194641;1.0
194642;1.0
194643;1.0
194644;1.0
194645;1.0
194898;1.0
194899;1.0
194900;1.0
194901;1.0
194902;1.0
194903;1.0
195096;1.0
195097;1.0
195098;1.0
195099;1.0
195100;1.0
195101;1.0
195157;1.0
195159;1.0
195160;1.0
195161;1.0
195318;1.0
195319;1.0
195320;1.0
195321;1.0
195322;1.0
195323;1.0
195798;1.0
195799;1.0
195800;1.0
195801;1.0
195802;1.0
195803;1.0
195978;1.0
195979;1.0
195980;1.0
195981;1.0
195982;1.0
195984;1.0
195985;1.0
195986;1.0
195987;1.0
195988;1.0
195989;1.0
195990;1.0
195991;1.0
195992;1.0
195993;1.0
195994;1.0
195995;1.0
196002;1.0
196003;1.0
196004;1.0
196005;1.0
196006;1.0
196007;1.0
196177;1.0
196178;1.0
196179;1.0
196180;1.0
196181;1.0
196440;1.0
196441;1.0
196442;1.0
196443;1.0
196444;1.0
196445;1.0
196446;1.0
196447;1.0
196448;1.0
196449;1.0
196450;1.0
196451;1.0
196526;1.0
196527;1.0
196528;1.0
196529;1.0
196746;1.0
196747;1.0
196748;1.0
196750;1.0
196751;1.0
196932;1.0
196933;1.0
196934;1.0
196935;1.0
196936;1.0
196937;1.0
196980;1.0
196981;1.0
196982;1.0
196983;1.0
196984;1.0
196985;1.0
196992;1.0
196993;1.0
196994;1.0
196997;1.0
197382;1.0
197383;1.0
197385;1.0
197386;1.0
197387;1.0
197568;1.0
197569;1.0
197570;1.0
197571;1.0
197572;1.0
197573;1.0
198000;1.0
198001;1.0
198002;1.0
198003;1.0
198005;1.0
198114;1.0
198115;1.0
198116;1.0
198118;1.0
198119;1.0
198703;1.0
198704;1.0
198705;1.0
198706;1.0
199352;1.0
199353;1.0
199354;1.0
199355;1.0
200130;1.0
200131;1.0
200132;1.0
200134;1.0
200342;1.0
200343;1.0
200344;1.0
200345;1.0
200712;1.0
200713;1.0
200714;1.0
200715;1.0
200716;1.0
200717;1.0
200760;1.0
200761;1.0
200762;1.0
200763;1.0
200765;1.0
201078;1.0
201079;1.0
201080;1.0
201081;1.0
201082;1.0
201083;1.0
201132;1.0
201133;1.0
201134;1.0
201135;1.0
201136;1.0
201137;1.0
201492;1.0
201493;1.0
201494;1.0
201495;1.0
201496;1.0
201497;1.0
201876;1.0
201877;1.0
201878;1.0
201879;1.0
201880;1.0
201881;1.0
202134;1.0
202135;1.0
202136;1.0
202137;1.0
202138;1.0
202139;1.0
202249;1.0
202250;1.0
202251;1.0
202252;1.0
202253;1.0
202572;1.0
202573;1.0
202575;1.0
202576;1.0
202577;1.0
202866;1.0
202867;1.0
202868;1.0
202869;1.0
202870;1.0
202871;1.0
202986;1.0
202987;1.0
202988;1.0
202989;1.0
202990;1.0
203214;1.0
203215;1.0
203216;1.0
203217;1.0
203218;1.0
203219;1.0
203346;1.0
203347;1.0
203348;1.0
203349;1.0
203532;1.0
203533;1.0
203534;1.0
203535;1.0
203537;1.0
203784;1.0
203785;1.0
203786;1.0
203787;1.0
203788;1.0
203789;1.0
204042;1.0
204043;1.0
204044;1.0
204045;1.0
204046;1.0
204047;1.0
204312;1.0
204313;1.0
204314;1.0
204315;1.0
204316;1.0
204317;1.0
204582;1.0
204584;1.0
204585;1.0
204586;1.0
204786;1.0
204787;1.0
204789;1.0
204790;1.0
204791;1.0
205086;1.0
205087;1.0
205088;1.0
205089;1.0
205091;1.0
205398;1.0
205400;1.0
205401;1.0
205403;1.0
206004;1.0
206005;1.0
206006;1.0
206007;1.0
206008;1.0
206009;1.0
206190;1.0
206191;1.0
206192;1.0
206193;1.0
206194;1.0
206195;1.0
206436;1.0
206437;1.0
206438;1.0
206439;1.0
206440;1.0
206454;1.0
206455;1.0
206456;1.0
206457;1.0
206458;1.0
206459;1.0
207456;1.0
207457;1.0
207458;1.0
207459;1.0
207460;1.0
207461;1.0
207714;1.0
207715;1.0
207716;1.0
207717;1.0
207718;1.0
207719;1.0
207882;1.0
207883;1.0
207884;1.0
207885;1.0
207886;1.0
207887;1.0
207906;1.0
207907;1.0
207908;1.0
207909;1.0
207911;1.0
208380;1.0
208381;1.0
208382;1.0
208383;1.0
208384;1.0
208385;1.0
208740;1.0
208741;1.0
208742;1.0
208743;1.0
208744;1.0
208745;1.0
209010;1.0
209011;1.0
209013;1.0
209014;1.0
209015;1.0
209748;1.0
209749;1.0
209750;1.0
209751;1.0
209752;1.0
209753;1.0
209880;1.0
209881;1.0
209882;1.0
209883;1.0
209884;1.0
209885;1.0
210006;1.0
210007;1.0
210008;1.0
210009;1.0
210010;1.0
210011;1.0
210072;1.0
210073;1.0
210074;1.0
210075;1.0
210076;1.0
210077;1.0
210144;1.0
210145;1.0
210146;1.0
210147;1.0
210148;1.0
210222;1.0
210223;1.0
210224;1.0
210225;1.0
210226;1.0
210227;1.0
210403;1.0
210404;1.0
210405;1.0
210406;1.0
210407;1.0
211572;1.0
211573;1.0
211574;1.0
211575;1.0
211577;1.0
211878;1.0
211879;1.0
211880;1.0
211881;1.0
211882;1.0
211883;1.0
212088;1.0
212090;1.0
212091;1.0
212092;1.0
212093;1.0
212136;1.0
212137;1.0
212138;1.0
212139;1.0
212140;1.0
212141;1.0
212214;1.0
212215;1.0
212216;1.0
212217;1.0
212218;1.0
212219;1.0
212688;1.0
212689;1.0
212691;1.0
212692;1.0
212693;1.0
213336;1.0
213337;1.0
213338;1.0
213339;1.0
213340;1.0
213576;1.0
213577;1.0
213578;1.0
213579;1.0
213581;1.0
213624;1.0
213625;1.0
213627;1.0
213628;1.0
213629;1.0
213942;1.0
213943;1.0
213944;1.0
213945;1.0
213946;1.0
213947;1.0
214392;1.0
214393;1.0
214394;1.0
214395;1.0
214396;1.0
214397;1.0
214680;1.0
214681;1.0
214682;1.0
214683;1.0
214685;1.0
214986;1.0
214987;1.0
214988;1.0
214989;1.0
214990;1.0
214991;1.0
215016;1.0
215017;1.0
215019;1.0
215371;1.0
215372;1.0
215373;1.0
215374;1.0
215375;1.0
215623;1.0
215624;1.0
215625;1.0
215626;1.0
215712;1.0
215714;1.0
215715;1.0
215716;1.0
215717;1.0
216144;1.0
216145;1.0
216146;1.0
216148;1.0
216149;1.0
216168;1.0
216169;1.0
216170;1.0
216172;1.0
216173;1.0
216204;1.0
216206;1.0
216207;1.0
216208;1.0
216209;1.0
216319;1.0
216320;1.0
216321;1.0
216322;1.0
216323;1.0
216336;1.0
216338;1.0
216339;1.0
216340;1.0
216341;1.0
216738;1.0
216739;1.0
216740;1.0
216741;1.0
216742;1.0
216743;1.0
216804;1.0
216805;1.0
216806;1.0
216807;1.0
216808;1.0
216834;1.0
216835;1.0
216836;1.0
216837;1.0
216838;1.0
216839;1.0
216840;1.0
216841;1.0
216842;1.0
216843;1.0
216844;1.0
216845;1.0
216937;1.0
216938;1.0
216939;1.0
216940;1.0
216941;1.0
217164;1.0
217165;1.0
217166;1.0
217167;1.0
217168;1.0
217169;1.0
217278;1.0
217279;1.0
217280;1.0
217281;1.0
217282;1.0
217362;1.0
217363;1.0
217364;1.0
217365;1.0
217366;1.0
217704;1.0
217705;1.0
217707;1.0
217708;1.0
217709;1.0
218382;1.0
218383;1.0
218384;1.0
218385;1.0
218694;1.0
218695;1.0
218697;1.0
218698;1.0
218699;1.0
219228;1.0
219229;1.0
219230;1.0
219231;1.0
219232;1.0
219233;1.0
219552;1.0
219553;1.0
219554;1.0
219555;1.0
219556;1.0
219564;1.0
219566;1.0
219567;1.0
219568;1.0
219569;1.0
219612;1.0
219613;1.0
219614;1.0
219615;1.0
219616;1.0
219617;1.0
219750;1.0
219751;1.0
219752;1.0
219753;1.0
219754;1.0
219755;1.0
219882;1.0
219883;1.0
219884;1.0
219885;1.0
219886;1.0
219887;1.0
220176;1.0
220177;1.0
220178;1.0
220179;1.0
220180;1.0
220181;1.0
220404;1.0
220405;1.0
220406;1.0
220407;1.0
220408;1.0
220409;1.0
220957;1.0
220958;1.0
220959;1.0
220960;1.0
220961;1.0
220993;1.0
220994;1.0
220995;1.0
220996;1.0
220997;1.0
221232;1.0
221233;1.0
221234;1.0
221235;1.0
221236;1.0
221237;1.0
221262;1.0
221263;1.0
221266;1.0
221267;1.0
221395;1.0
221396;1.0
221397;1.0
221398;1.0
221399;1.0
221778;1.0
221779;1.0
221780;1.0
221781;1.0
221782;1.0
221783;1.0
221850;1.0
221851;1.0
221853;1.0
221854;1.0
221855;1.0
221940;1.0
221941;1.0
221942;1.0
221943;1.0
221944;1.0
221945;1.0
222054;1.0
222055;1.0
222057;1.0
222058;1.0
222059;1.0
222420;1.0
222423;1.0
222424;1.0
222425;1.0
222702;1.0
222703;1.0
222704;1.0
222706;1.0
222707;1.0
222720;1.0
222721;1.0
222722;1.0
222723;1.0
222724;1.0
222725;1.0
223056;1.0
223057;1.0
223058;1.0
223059;1.0
223060;1.0
223061;1.0
223704;1.0
223705;1.0
223706;1.0
223707;1.0
223708;1.0
223709;1.0
223836;1.0
223837;1.0
223838;1.0
223839;1.0
223840;1.0
223841;1.0
223909;1.0
223910;1.0
223911;1.0
223912;1.0
223913;1.0
224652;1.0
224653;1.0
224654;1.0
224655;1.0
224656;1.0
224657;1.0
224730;1.0
224731;1.0
224733;1.0
224734;1.0
224735;1.0
224826;1.0
224827;1.0
224828;1.0
224830;1.0
224831;1.0
224928;1.0
224929;1.0
224930;1.0
224931;1.0
224932;1.0
224933;1.0
224983;1.0
224984;1.0
224985;1.0
224986;1.0
224987;1.0
225054;1.0
225055;1.0
225056;1.0
225057;1.0
225058;1.0
225059;1.0
225792;1.0
225793;1.0
225794;1.0
225795;1.0
225796;1.0
225797;1.0
226800;1.0
226801;1.0
226802;1.0
226803;1.0
226804;1.0
226805;1.0
226862;1.0
226863;1.0
226865;1.0
226878;1.0
226879;1.0
226880;1.0
226881;1.0
226882;1.0
226962;1.0
226963;1.0
226965;1.0
226966;1.0
226967;1.0
227160;1.0
227161;1.0
227164;1.0
227165;1.0
227628;1.0
227629;1.0
227630;1.0
227631;1.0
227632;1.0
227633;1.0
227664;1.0
227665;1.0
227666;1.0
227668;1.0
227669;1.0
227712;1.0
227713;1.0
227714;1.0
227715;1.0
227716;1.0
227717;1.0
227802;1.0
227804;1.0
227805;1.0
227806;1.0
227807;1.0
228072;1.0
228073;1.0
228074;1.0
228075;1.0
228076;1.0
228077;1.0
228084;1.0
228085;1.0
228087;1.0
228088;1.0
228089;1.0
228108;1.0
228109;1.0
228110;1.0
228111;1.0
228112;1.0
228113;1.0
228270;1.0
228271;1.0
228272;1.0
228273;1.0
228274;1.0
228275;1.0
228948;1.0
228949;1.0
228950;1.0
228951;1.0
228952;1.0
228953;1.0
229506;1.0
229507;1.0
229508;1.0
229509;1.0
229510;1.0
229511;1.0
229860;1.0
229863;1.0
229865;1.0
229884;1.0
229885;1.0
229886;1.0
229887;1.0
229889;1.0
229890;1.0
229891;1.0
229892;1.0
229893;1.0
229894;1.0
229895;1.0
230088;1.0
230089;1.0
230091;1.0
230092;1.0
230093;1.0
230154;1.0
230156;1.0
230157;1.0
230158;1.0
230159;1.0
230274;1.0
230275;1.0
230276;1.0
230277;1.0
230278;1.0
230279;1.0
230316;1.0
230317;1.0
230318;1.0
230319;1.0
230320;1.0
230321;1.0
230526;1.0
230527;1.0
230528;1.0
230529;1.0
230530;1.0
230531;1.0
231042;1.0
231043;1.0
231044;1.0
231045;1.0
231046;1.0
231047;1.0
231114;1.0
231115;1.0
231116;1.0
231119;1.0
232242;1.0
232243;1.0
232244;1.0
232245;1.0
232246;1.0
232399;1.0
232401;1.0
232402;1.0
232403;1.0
232614;1.0
232615;1.0
232616;1.0
232617;1.0
232618;1.0
232619;1.0
232644;1.0
232645;1.0
232646;1.0
232647;1.0
232648;1.0
232892;1.0
232893;1.0
232895;1.0
232957;1.0
232958;1.0
232959;1.0
232960;1.0
232961;1.0
233058;1.0
233060;1.0
233061;1.0
233063;1.0
233544;1.0
233545;1.0
233546;1.0
233547;1.0
233548;1.0
233549;1.0
233616;1.0
233617;1.0
233618;1.0
233619;1.0
233620;1.0
233621;1.0
233700;1.0
233701;1.0
233702;1.0
233703;1.0
233704;1.0
233705;1.0
233862;1.0
233863;1.0
233864;1.0
233865;1.0
233866;1.0
233958;1.0
233959;1.0
233961;1.0
233962;1.0
233963;1.0
234445;1.0
234446;1.0
234447;1.0
234448;1.0
235224;1.0
235225;1.0
235226;1.0
235227;1.0
235228;1.0
235229;1.0
235302;1.0
235303;1.0
235304;1.0
235305;1.0
235962;1.0
235963;1.0
235964;1.0
235965;1.0
235966;1.0
235967;1.0
236022;1.0
236023;1.0
236024;1.0
236025;1.0
236026;1.0
236027;1.0
236880;1.0
236881;1.0
236882;1.0
236883;1.0
236884;1.0
236934;1.0
236935;1.0
236936;1.0
236937;1.0
236938;1.0
236939;1.0
237840;1.0
237841;1.0
237842;1.0
237843;1.0
237844;1.0
237845;1.0
238236;1.0
238237;1.0
238238;1.0
238239;1.0
238241;1.0
238572;1.0
238573;1.0
238574;1.0
238575;1.0
238576;1.0
238577;1.0
238806;1.0
238807;1.0
238808;1.0
238809;1.0
238810;1.0
238811;1.0
238860;1.0
238861;1.0
238863;1.0
238864;1.0
238865;1.0
238992;1.0
238993;1.0
238994;1.0
238996;1.0
239010;1.0
239011;1.0
239012;1.0
239013;1.0
239014;1.0
239015;1.0
239100;1.0
239101;1.0
239103;1.0
239105;1.0
239658;1.0
239660;1.0
239661;1.0
239663;1.0
240096;1.0
240097;1.0
240098;1.0
240099;1.0
240100;1.0
240101;1.0
240252;1.0
240253;1.0
240254;1.0
240255;1.0
240256;1.0
240257;1.0
240336;1.0
240338;1.0
240339;1.0
240340;1.0
240341;1.0
240372;1.0
240373;1.0
240374;1.0
240375;1.0
240376;1.0
240377;1.0
240534;1.0
240535;1.0
240536;1.0
240537;1.0
240538;1.0
240539;1.0
240828;1.0
240829;1.0
240830;1.0
240832;1.0
240833;1.0
241014;1.0
241015;1.0
241016;1.0
241017;1.0
241018;1.0
241019;1.0
241152;1.0
241153;1.0
241155;1.0
241156;1.0
241157;1.0
241308;1.0
241310;1.0
241312;1.0
241313;1.0
241698;1.0
241699;1.0
241700;1.0
241701;1.0
241702;1.0
241703;1.0
241752;1.0
241753;1.0
241754;1.0
241755;1.0
241756;1.0
241757;1.0
242088;1.0
242089;1.0
242090;1.0
242091;1.0
242092;1.0
242394;1.0
242395;1.0
242397;1.0
242398;1.0
242399;1.0
242652;1.0
242653;1.0
242654;1.0
242655;1.0
242656;1.0
242657;1.0
242689;1.0
242691;1.0
242692;1.0
242693;1.0
242784;1.0
242785;1.0
242786;1.0
242787;1.0
242788;1.0
242789;1.0
242844;1.0
242845;1.0
242846;1.0
242847;1.0
242849;1.0
242880;1.0
242881;1.0
242882;1.0
242883;1.0
242884;1.0
242885;1.0
242898;1.0
242899;1.0
242900;1.0
242902;1.0
242903;1.0
242988;1.0
242989;1.0
242990;1.0
242991;1.0
242993;1.0
243372;1.0
243373;1.0
243374;1.0
243375;1.0
243376;1.0
243377;1.0
243414;1.0
243416;1.0
243417;1.0
243418;1.0
243419;1.0
243528;1.0
243530;1.0
243531;1.0
243532;1.0
243533;1.0
243768;1.0
243769;1.0
243771;1.0
243772;1.0
243773;1.0
243948;1.0
243949;1.0
243950;1.0
243951;1.0
243952;1.0
243953;1.0
244584;1.0
244587;1.0
244588;1.0
244589;1.0
244795;1.0
244796;1.0
244797;1.0
244798;1.0
244799;1.0
244908;1.0
244909;1.0
244910;1.0
244911;1.0
244912;1.0
244913;1.0
244926;1.0
244927;1.0
244928;1.0
244929;1.0
244930;1.0
244931;1.0
245016;1.0
245017;1.0
245018;1.0
245019;1.0
245020;1.0
245021;1.0
245041;1.0
245042;1.0
245043;1.0
245044;1.0
245118;1.0
245120;1.0
245121;1.0
245122;1.0
245123;1.0
245418;1.0
245419;1.0
245420;1.0
245421;1.0
245422;1.0
245423;1.0
245796;1.0
245797;1.0
245798;1.0
245799;1.0
245800;1.0
245801;1.0
245946;1.0
245947;1.0
245948;1.0
245949;1.0
245950;1.0
245951;1.0
246180;1.0
246181;1.0
246182;1.0
246183;1.0
246184;1.0
246185;1.0
246828;1.0
246829;1.0
246830;1.0
246831;1.0
246832;1.0
246833;1.0
246966;1.0
246967;1.0
246968;1.0
246969;1.0
247153;1.0
247154;1.0
247155;1.0
247156;1.0
247157;1.0
247542;1.0
247543;1.0
247544;1.0
247545;1.0
247546;1.0
247547;1.0
248179;1.0
248180;1.0
248182;1.0
248466;1.0
248467;1.0
248468;1.0
248469;1.0
248471;1.0
248526;1.0
248527;1.0
248529;1.0
248530;1.0
248531;1.0
248604;1.0
248605;1.0
248606;1.0
248607;1.0
248608;1.0
249126;1.0
249127;1.0
249129;1.0
249130;1.0
249131;1.0
249630;1.0
249631;1.0
249632;1.0
249633;1.0
249635;1.0
249642;1.0
249643;1.0
249644;1.0
249645;1.0
249646;1.0
249647;1.0
249672;1.0
249674;1.0
249676;1.0
249677;1.0
249720;1.0
249721;1.0
249722;1.0
249723;1.0
249724;1.0
249725;1.0
249738;1.0
249739;1.0
249740;1.0
249741;1.0
249742;1.0
249743;1.0
250026;1.0
250027;1.0
250028;1.0
250030;1.0
250031;1.0
250620;1.0
250621;1.0
250623;1.0
250624;1.0
250625;1.0
250644;1.0
250645;1.0
250646;1.0
250647;1.0
250648;1.0
250649;1.0
250752;1.0
250753;1.0
250754;1.0
250755;1.0
250756;1.0
250757;1.0
250854;1.0
250855;1.0
250856;1.0
250857;1.0
250858;1.0
250859;1.0
250860;1.0
250861;1.0
250862;1.0
250863;1.0
250864;1.0
250865;1.0
251184;1.0
251186;1.0
251187;1.0
251188;1.0
251189;1.0
251347;1.0
251348;1.0
251350;1.0
251351;1.0
252043;1.0
252044;1.0
252045;1.0
252046;1.0
252047;1.0
252078;1.0
252079;1.0
252080;1.0
252081;1.0
252082;1.0
252083;1.0
252372;1.0
252373;1.0
252374;1.0
252375;1.0
252376;1.0
252378;1.0
252379;1.0
252380;1.0
252381;1.0
252382;1.0
252383;1.0
252894;1.0
252896;1.0
252897;1.0
252898;1.0
252899;1.0
253272;1.0
253273;1.0
253274;1.0
253275;1.0
253276;1.0
253277;1.0
253902;1.0
253903;1.0
253904;1.0
253905;1.0
253906;1.0
254256;1.0
254257;1.0
254258;1.0
254259;1.0
254260;1.0
254261;1.0
255228;1.0
255229;1.0
255230;1.0
255231;1.0
255232;1.0
255233;1.0
255678;1.0
255679;1.0
255680;1.0
255682;1.0
255683;1.0
255822;1.0
255823;1.0
255824;1.0
255825;1.0
255826;1.0
255827;1.0
255895;1.0
255896;1.0
255897;1.0
255898;1.0
255899;1.0
257052;1.0
257053;1.0
257054;1.0
257055;1.0
257056;1.0
257683;1.0
257684;1.0
257685;1.0
257687;1.0
258354;1.0
258355;1.0
258356;1.0
258357;1.0
258358;1.0
258359;1.0
258438;1.0
258439;1.0
258440;1.0
258442;1.0
258443;1.0
259236;1.0
259237;1.0
259238;1.0
259239;1.0
259240;1.0
259241;1.0
259424;1.0
259425;1.0
259426;1.0
259427;1.0
259464;1.0
259466;1.0
259467;1.0
259468;1.0
259469;1.0
259506;1.0
259507;1.0
259508;1.0
259509;1.0
259510;1.0
259511;1.0
259824;1.0
259825;1.0
259826;1.0
259827;1.0
259828;1.0
259829;1.0
259956;1.0
259957;1.0
259958;1.0
259959;1.0
259961;1.0
260274;1.0
260275;1.0
260276;1.0
260277;1.0
260278;1.0
260279;1.0
260526;1.0
260527;1.0
260529;1.0
260530;1.0
260531;1.0
261024;1.0
261025;1.0
261026;1.0
261027;1.0
261029;1.0
261438;1.0
261439;1.0
261440;1.0
261441;1.0
261442;1.0
261443;1.0
261456;1.0
261457;1.0
261458;1.0
261459;1.0
261460;1.0
261461;1.0
261612;1.0
261613;1.0
261614;1.0
261615;1.0
261616;1.0
261617;1.0
261702;1.0
261703;1.0
261704;1.0
261706;1.0
261707;1.0
262008;1.0
262009;1.0
262011;1.0
262012;1.0
262013;1.0
262224;1.0
262225;1.0
262226;1.0
262227;1.0
262228;1.0
262229;1.0
262560;1.0
262561;1.0
262562;1.0
262563;1.0
262564;1.0
262565;1.0
262614;1.0
262615;1.0
262616;1.0
262617;1.0
262618;1.0
262619;1.0
262812;1.0
262813;1.0
262814;1.0
262815;1.0
262816;1.0
262817;1.0
263142;1.0
263143;1.0
263144;1.0
263145;1.0
263147;1.0
263208;1.0
263209;1.0
263210;1.0
263211;1.0
263212;1.0
263213;1.0
263922;1.0
263923;1.0
263924;1.0
263925;1.0
263926;1.0
263927;1.0
263988;1.0
263989;1.0
263990;1.0
263991;1.0
263992;1.0
263993;1.0
264126;1.0
264127;1.0
264128;1.0
264129;1.0
264130;1.0
264131;1.0
264162;1.0
264165;1.0
264166;1.0
264167;1.0
264192;1.0
264193;1.0
264194;1.0
264195;1.0
264196;1.0
264197;1.0
264342;1.0
264343;1.0
264344;1.0
264345;1.0
264346;1.0
264347;1.0
264540;1.0
264541;1.0
264542;1.0
264543;1.0
264544;1.0
264545;1.0
264972;1.0
264973;1.0
264974;1.0
264975;1.0
264976;1.0
265602;1.0
265603;1.0
265604;1.0
265605;1.0
265606;1.0
265607;1.0
265848;1.0
265849;1.0
265850;1.0
265851;1.0
265853;1.0
265884;1.0
265885;1.0
265886;1.0
265887;1.0
265888;1.0
265889;1.0
266028;1.0
266029;1.0
266030;1.0
266031;1.0
266032;1.0
266033;1.0
266514;1.0
266515;1.0
266516;1.0
266517;1.0
266518;1.0
266519;1.0
266682;1.0
266685;1.0
266686;1.0
266687;1.0
267090;1.0
267091;1.0
267092;1.0
267093;1.0
267094;1.0
267095;1.0
267228;1.0
267229;1.0
267230;1.0
267231;1.0
267232;1.0
267462;1.0
267463;1.0
267464;1.0
267465;1.0
267466;1.0
267467;1.0
267648;1.0
267649;1.0
267650;1.0
267652;1.0
267653;1.0
267846;1.0
267847;1.0
267848;1.0
267849;1.0
267850;1.0
267851;1.0
268416;1.0
268417;1.0
268418;1.0
268419;1.0
268420;1.0
268421;1.0
268896;1.0
268897;1.0
268898;1.0
268899;1.0
268900;1.0
268901;1.0
269184;1.0
269185;1.0
269186;1.0
269187;1.0
269188;1.0
269189;1.0
269208;1.0
269209;1.0
269210;1.0
269211;1.0
269212;1.0
269213;1.0
269610;1.0
269611;1.0
269612;1.0
269613;1.0
269614;1.0
269615;1.0
270522;1.0
270524;1.0
270526;1.0
270527;1.0
271050;1.0
271051;1.0
271052;1.0
271053;1.0
271054;1.0
271055;1.0
271428;1.0
271429;1.0
271430;1.0
271431;1.0
271432;1.0
271433;1.0
271692;1.0
271693;1.0
271694;1.0
271695;1.0
271696;1.0
271697;1.0
272202;1.0
272203;1.0
272205;1.0
272206;1.0
272207;1.0
272286;1.0
272289;1.0
272290;1.0
272291;1.0
272394;1.0
272395;1.0
272396;1.0
272397;1.0
272398;1.0
272399;1.0
272718;1.0
272719;1.0
272720;1.0
272721;1.0
272722;1.0
272723;1.0
273162;1.0
273163;1.0
273164;1.0
273165;1.0
273166;1.0
273167;1.0
273300;1.0
273301;1.0
273302;1.0
273303;1.0
273304;1.0
273305;1.0
273372;1.0
273373;1.0
273374;1.0
273375;1.0
273376;1.0
273377;1.0
273804;1.0
273805;1.0
273806;1.0
273807;1.0
273808;1.0
273809;1.0
273846;1.0
273847;1.0
273848;1.0
273849;1.0
273850;1.0
273851;1.0
274237;1.0
274238;1.0
274239;1.0
274240;1.0
274241;1.0
274758;1.0
274759;1.0
274760;1.0
274761;1.0
274762;1.0
274763;1.0
275334;1.0
275335;1.0
275336;1.0
275337;1.0
275338;1.0
275339;1.0
275442;1.0
275443;1.0
275444;1.0
275445;1.0
275446;1.0
275447;1.0
275658;1.0
275659;1.0
275660;1.0
275661;1.0
275663;1.0
275670;1.0
275671;1.0
275674;1.0
275675;1.0
275688;1.0
275689;1.0
275691;1.0
275692;1.0
275693;1.0
275772;1.0
275773;1.0
275775;1.0
275776;1.0
275777;1.0
275856;1.0
275857;1.0
275858;1.0
275859;1.0
275860;1.0
275861;1.0
276522;1.0
276523;1.0
276524;1.0
276525;1.0
276526;1.0
276527;1.0
276840;1.0
276841;1.0
276842;1.0
276843;1.0
276844;1.0
276845;1.0
276888;1.0
276889;1.0
276890;1.0
276891;1.0
276892;1.0
276893;1.0
276936;1.0
276937;1.0
276938;1.0
276939;1.0
276940;1.0
276941;1.0
276966;1.0
276967;1.0
276968;1.0
276969;1.0
276971;1.0
278280;1.0
278281;1.0
278283;1.0
278285;1.0
278694;1.0
278695;1.0
278696;1.0
278697;1.0
278698;1.0
278699;1.0
278934;1.0
278935;1.0
278936;1.0
278937;1.0
278938;1.0
278939;1.0
279072;1.0
279073;1.0
279074;1.0
279076;1.0
279077;1.0
279486;1.0
279487;1.0
279488;1.0
279489;1.0
279490;1.0
279491;1.0
279528;1.0
279529;1.0
279530;1.0
279531;1.0
279532;1.0
279533;1.0
279858;1.0
279860;1.0
279861;1.0
279862;1.0
279863;1.0
280303;1.0
280304;1.0
280305;1.0
280306;1.0
280307;1.0
280386;1.0
280387;1.0
280388;1.0
280389;1.0
280390;1.0
280391;1.0
280530;1.0
280531;1.0
280532;1.0
280533;1.0
280534;1.0
280746;1.0
280747;1.0
280749;1.0
280750;1.0
280751;1.0
280776;1.0
280777;1.0
280778;1.0
280780;1.0
281466;1.0
281467;1.0
281468;1.0
281469;1.0
281470;1.0
281471;1.0
281694;1.0
281695;1.0
281696;1.0
281697;1.0
281698;1.0
281699;1.0
281856;1.0
281858;1.0
281859;1.0
281860;1.0
281861;1.0
282108;1.0
282109;1.0
282110;1.0
282111;1.0
282112;1.0
282113;1.0
282300;1.0
282301;1.0
282302;1.0
282303;1.0
282304;1.0
282305;1.0
282798;1.0
282799;1.0
282800;1.0
282801;1.0
282802;1.0
282803;1.0
283032;1.0
283033;1.0
283034;1.0
283035;1.0
283036;1.0
283037;1.0
283704;1.0
283705;1.0
283706;1.0
283707;1.0
283708;1.0
283709;1.0
283830;1.0
283831;1.0
283832;1.0
283833;1.0
283834;1.0
283835;1.0
283860;1.0
283861;1.0
283862;1.0
283864;1.0
283865;1.0
283866;1.0
283867;1.0
283868;1.0
283869;1.0
283870;1.0
283871;1.0
283938;1.0
283939;1.0
283940;1.0
283941;1.0
283942;1.0
283943;1.0
283956;1.0
283958;1.0
283959;1.0
283960;1.0
283961;1.0
284076;1.0
284078;1.0
284080;1.0
284081;1.0
284160;1.0
284161;1.0
284162;1.0
284163;1.0
284164;1.0
284165;1.0
284172;1.0
284173;1.0
284174;1.0
284176;1.0
284177;1.0
284232;1.0
284235;1.0
284236;1.0
284237;1.0
284712;1.0
284713;1.0
284714;1.0
284715;1.0
284716;1.0
284717;1.0
284844;1.0
284845;1.0
284846;1.0
284847;1.0
284848;1.0
284849;1.0
285307;1.0
285308;1.0
285310;1.0
285311;1.0
285313;1.0
285314;1.0
285315;1.0
285316;1.0
285317;1.0
285408;1.0
285409;1.0
285410;1.0
285411;1.0
285412;1.0
285413;1.0
285588;1.0
285589;1.0
285590;1.0
285591;1.0
285592;1.0
285593;1.0
285612;1.0
285613;1.0
285614;1.0
285615;1.0
285654;1.0
285656;1.0
285657;1.0
285658;1.0
285659;1.0
286530;1.0
286531;1.0
286533;1.0
286534;1.0
287184;1.0
287186;1.0
287187;1.0
287188;1.0
287189;1.0
287334;1.0
287335;1.0
287336;1.0
287337;1.0
287338;1.0
287339;1.0
287490;1.0
287491;1.0
287492;1.0
287493;1.0
287494;1.0
287495;1.0
287736;1.0
287737;1.0
287739;1.0
287740;1.0
287741;1.0
287856;1.0
287857;1.0
287858;1.0
287859;1.0
287860;1.0
288438;1.0
288439;1.0
288440;1.0
288441;1.0
288442;1.0
288443;1.0
288804;1.0
288805;1.0
288806;1.0
288807;1.0
288808;1.0
288809;1.0
289986;1.0
289987;1.0
289988;1.0
289989;1.0
289991;1.0
290046;1.0
290047;1.0
290048;1.0
290050;1.0
290051;1.0
290334;1.0
290335;1.0
290336;1.0
290337;1.0
290338;1.0
290339;1.0
290808;1.0
290809;1.0
290810;1.0
290811;1.0
290812;1.0
290813;1.0
291006;1.0
291007;1.0
291008;1.0
291010;1.0
291011;1.0
291276;1.0
291277;1.0
291278;1.0
291279;1.0
291280;1.0
291281;1.0
291672;1.0
291673;1.0
291674;1.0
291675;1.0
291676;1.0
291677;1.0
291954;1.0
291955;1.0
291957;1.0
291958;1.0
291959;1.0
292104;1.0
292105;1.0
292106;1.0
292107;1.0
292108;1.0
292109;1.0
292296;1.0
292297;1.0
292298;1.0
292299;1.0
292301;1.0
293196;1.0
293197;1.0
293198;1.0
293199;1.0
293200;1.0
293201;1.0
293274;1.0
293275;1.0
293276;1.0
293277;1.0
293278;1.0
293279;1.0
293808;1.0
293810;1.0
293811;1.0
293812;1.0
293813;1.0
293838;1.0
293839;1.0
293840;1.0
293841;1.0
293842;1.0
293843;1.0
293850;1.0
293851;1.0
293853;1.0
293854;1.0
293855;1.0
293904;1.0
293905;1.0
293906;1.0
293907;1.0
293908;1.0
293909;1.0
293922;1.0
293923;1.0
293924;1.0
293925;1.0
293926;1.0
293927;1.0
294018;1.0
294019;1.0
294020;1.0
294021;1.0
294022;1.0
294023;1.0
294096;1.0
294097;1.0
294098;1.0
294101;1.0
294180;1.0
294181;1.0
294182;1.0
294183;1.0
294185;1.0
294210;1.0
294211;1.0
294212;1.0
294213;1.0
294214;1.0
294215;1.0
294774;1.0
294776;1.0
294777;1.0
294778;1.0
294779;1.0
294780;1.0
294781;1.0
294782;1.0
294783;1.0
294784;1.0
294785;1.0
294787;1.0
294788;1.0
294789;1.0
294790;1.0
294791;1.0
295044;1.0
295045;1.0
295046;1.0
295048;1.0
295049;1.0
295242;1.0
295243;1.0
295244;1.0
295245;1.0
295247;1.0
295302;1.0
295303;1.0
295304;1.0
295305;1.0
295306;1.0
295307;1.0
295464;1.0
295465;1.0
295466;1.0
295467;1.0
295468;1.0
295945;1.0
295946;1.0
295949;1.0
296124;1.0
296125;1.0
296126;1.0
296127;1.0
296128;1.0
296129;1.0
296130;1.0
296131;1.0
296132;1.0
296133;1.0
296136;1.0
296137;1.0
296139;1.0
296140;1.0
296141;1.0
296148;1.0
296149;1.0
296150;1.0
296151;1.0
296152;1.0
296153;1.0
296322;1.0
296324;1.0
296325;1.0
296326;1.0
296327;1.0
296587;1.0
296588;1.0
296589;1.0
296590;1.0
296591;1.0
296592;1.0
296593;1.0
296595;1.0
296596;1.0
296597;1.0
296670;1.0
296671;1.0
296672;1.0
296673;1.0
296674;1.0
296675;1.0
296892;1.0
296894;1.0
296895;1.0
296896;1.0
296897;1.0
297078;1.0
297079;1.0
297080;1.0
297081;1.0
297082;1.0
297083;1.0
297126;1.0
297127;1.0
297128;1.0
297129;1.0
297130;1.0
297131;1.0
297138;1.0
297139;1.0
297140;1.0
297141;1.0
297142;1.0
297143;1.0
297528;1.0
297529;1.0
297530;1.0
297531;1.0
297532;1.0
297533;1.0
297714;1.0
297715;1.0
297716;1.0
297717;1.0
297718;1.0
297719;1.0
298146;1.0
298147;1.0
298148;1.0
298149;1.0
298150;1.0
298151;1.0
298260;1.0
298261;1.0
298262;1.0
298263;1.0
298264;1.0
298848;1.0
298849;1.0
298850;1.0
298852;1.0
298853;1.0
299497;1.0
299498;1.0
299499;1.0
299500;1.0
299501;1.0
300276;1.0
300278;1.0
300279;1.0
